; generated by PrusaSlicer 2.9.2 on 2026-06-01 at 16:41:37 UTC

; 

; external perimeters extrusion width = 0.38mm
; perimeters extrusion width = 0.38mm
; infill extrusion width = 0.38mm
; solid infill extrusion width = 0.38mm
; top infill extrusion width = 0.38mm
; first layer extrusion width = 0.38mm

;TYPE:Custom
; ///////////////   BEGIN HYREL HEADER for a 30M/ESR with a Heated Head in T1/T12 - 2021.02.24   \\\\\\\\n
; GENERAL :

N14                ; set line numbers for error logging - Slic3r version
M772 S1            ; reset metrics and arm automatic reporting 
M627 X0 Y0 Z0 J-500 K5                 ; setup abort action 


M107               ; fans/UV           ; off
M106 C255          ; fans/UV           ; set to 0-255 range

G53                ; clear offsets
G21                ; units             : mm
G91                ; coordinatess      : relative
G0 Z10 	           ; drop bed 
G90                ; coordinates       : absolute

G28 X0 Y0          ; home, goto        : X and Y

M229 E1 D1         ; enable E-values (volumetric)

; TEMP CONTROL :

M190 S80          ; bed temp     : set and wait
M109 T12 S240        ; head temp    : set and wait

T1                 ; use SECOND tool position from the left    

; \\\\\\\   END HYREL HEADER for a 30M/ESR with a Heated Head in T1/T12 - 2021.02.24   ///////////////

G21 ; set units to millimeters
G90 ; use absolute coordinates
M82 ; use absolute distances for extrusion
G92 E0 ; reset extrusion distance
; Filament gcode
M107 ; disable fan
;LAYER_CHANGE
;Z:0.25
;HEIGHT:0.25
G1 X128.958 Y105.257 F1500 ; move to first layer point
G1 Z.25 ; move to first layer point
;TYPE:Skirt/Brim
;WIDTH:0.385
G1 X129.99 Y104.174 E.12392 ; skirt
G1 X131.158 Y103.373 E.24124 ; skirt
G1 X132.428 Y102.835 E.35549 ; skirt
G1 X133.469 Y102.597 E.44395 ; skirt
G1 X134.205 Y102.526 E.5052 ; skirt
G1 X140.624 Y102.521 E1.03693 ; skirt
G1 X141.61 Y102.61 E1.11894 ; skirt
G1 X142.633 Y102.854 E1.20606 ; skirt
G1 X143.762 Y103.329 E1.30752 ; skirt
G1 X144.547 Y103.814 E1.38396 ; skirt
G1 X145.404 Y104.534 E1.47668 ; skirt
G1 X146.05 Y105.268 E1.55768 ; skirt
G1 X146.727 Y106.348 E1.66327 ; skirt
G1 X147.068 Y107.137 E1.73447 ; skirt
G1 X147.372 Y108.28 E1.83244 ; skirt
G1 X147.473 Y109.179 E1.90738 ; skirt
G1 X147.478 Y115.677 E2.44566 ; skirt
G1 X147.308 Y117.038 E2.55928 ; skirt
G1 X146.768 Y118.57 E2.69384 ; skirt
G1 X146.042 Y119.743 E2.80811 ; skirt
G1 X145.498 Y120.372 E2.877 ; skirt
G1 X144.861 Y120.949 E2.9482 ; skirt
G1 X144.213 Y121.41 E3.01408 ; skirt
G1 X143.446 Y121.827 E3.0864 ; skirt
G1 X141.954 Y122.326 E3.21672 ; skirt
G1 X140.52 Y122.481 E3.3362 ; skirt
G1 X134.116 Y122.469 E3.86669 ; skirt
G1 X132.829 Y122.276 E3.97449 ; skirt
G1 X131.541 Y121.822 E4.08762 ; skirt
G1 X130.15 Y120.958 E4.22327 ; skirt
G1 X129.512 Y120.382 E4.29447 ; skirt
G1 X128.958 Y119.743 E4.36453 ; skirt
G1 X128.232 Y118.57 E4.4788 ; skirt
G1 X127.911 Y117.802 E4.54775 ; skirt
G1 X127.678 Y116.975 E4.61892 ; skirt
G1 X127.521 Y115.637 E4.73052 ; skirt
G1 X127.527 Y109.179 E5.26548 ; skirt
G1 X127.748 Y107.736 E5.38641 ; skirt
G1 X128.232 Y106.43 E5.50179 ; skirt
G1 X128.918 Y105.321 E5.60981 ; skirt
G1 X129.199 Y105.495 ; move to first skirt point
G1 X129.222 Y105.457 E5.61349 ; skirt
G1 X130.296 Y104.349 E5.74132 ; skirt
G1 X131.371 Y103.634 E5.84827 ; skirt
G1 X132.528 Y103.151 E5.95213 ; skirt
G1 X133.323 Y102.957 E6.01992 ; skirt
G1 X134.338 Y102.853 E6.10444 ; skirt
G1 X140.616 Y102.852 E6.62449 ; skirt
G1 X141.677 Y102.957 E6.71281 ; skirt
G1 X142.559 Y103.178 E6.78813 ; skirt
G1 X143.605 Y103.621 E6.88223 ; skirt
G1 X144.379 Y104.1 E6.95763 ; skirt
G1 X145.241 Y104.839 E7.05168 ; skirt
G1 X145.833 Y105.53 E7.12705 ; skirt
G1 X146.431 Y106.496 E7.22116 ; skirt
G1 X146.755 Y107.247 E7.28891 ; skirt
G1 X147.004 Y108.122 E7.36427 ; skirt
G1 X147.142 Y109.193 E7.45372 ; skirt
G1 X147.147 Y115.669 E7.99018 ; skirt
G1 X146.985 Y116.967 E8.09854 ; skirt
G1 X146.472 Y118.422 E8.22634 ; skirt
G1 X146.067 Y119.134 E8.29419 ; skirt
G1 X145.578 Y119.791 E8.36203 ; skirt
G1 X144.632 Y120.708 E8.47117 ; skirt
G1 X143.32 Y121.521 E8.59903 ; skirt
G1 X142.559 Y121.822 E8.66682 ; skirt
G1 X141.767 Y122.027 E8.73459 ; skirt
G1 X140.616 Y122.148 E8.83046 ; skirt
G1 X134.136 Y122.138 E9.36725 ; skirt
G1 X132.923 Y121.959 E9.46882 ; skirt
G1 X131.68 Y121.521 E9.57799 ; skirt
G1 X130.368 Y120.708 E9.70585 ; skirt
G1 X129.759 Y120.161 E9.77366 ; skirt
G1 X129.222 Y119.543 E9.84148 ; skirt
G1 X128.765 Y118.864 E9.90928 ; skirt
G1 X128.395 Y118.134 E9.97708 ; skirt
G1 X127.996 Y116.877 E10.08633 ; skirt
G1 X127.852 Y115.629 E10.1904 ; skirt
G1 X127.858 Y109.193 E10.72354 ; skirt
G1 X128.093 Y107.725 E10.84669 ; skirt
G1 X128.528 Y106.577 E10.94839 ; skirt
G1 X129.159 Y105.559 E11.0476 ; skirt
G92 E0 ; reset extrusion distance
G92 E0 ; reset extrusion distance
G1 X134.286 Y109.349 ; move to first perimeter point
;TYPE:Perimeter
;WIDTH:0.384999
G1 X134.329 Y109.289 E.00611 ; perimeter
G1 X134.492 Y109.209 E.02115 ; perimeter
G1 X140.381 Y109.203 E.50898 ; perimeter
G1 X140.58 Y109.232 E.52564 ; perimeter
G1 X140.744 Y109.369 E.54334 ; perimeter
G1 X140.786 Y109.554 E.55905 ; perimeter
G1 X140.794 Y115.424 E1.04531 ; perimeter
G1 X140.764 Y115.602 E1.06026 ; perimeter
G1 X140.654 Y115.741 E1.07494 ; perimeter
G1 X140.451 Y115.797 E1.09238 ; perimeter
G1 X134.6 Y115.796 E1.57706 ; perimeter
G1 X134.406 Y115.767 E1.59331 ; perimeter
G1 X134.264 Y115.661 E1.60799 ; perimeter
G1 X134.204 Y115.459 E1.62545 ; perimeter
G1 X134.206 Y109.576 E2.11278 ; perimeter
G1 X134.229 Y109.429 E2.12511 ; perimeter
G1 X134.243 Y109.41 E2.12707 ; perimeter
G1 X133.93 Y109.319 ; move to first perimeter point
G1 X133.966 Y109.204 E2.13705 ; perimeter
G1 X134.196 Y108.966 E2.16447 ; perimeter
G1 X134.456 Y108.878 E2.18721 ; perimeter
G1 X140.38 Y108.872 E2.67794 ; perimeter
G1 X140.695 Y108.916 E2.70429 ; perimeter
G1 X140.899 Y109.034 E2.72381 ; perimeter
G1 X141.041 Y109.21 E2.74254 ; perimeter
G1 X141.117 Y109.554 E2.77172 ; perimeter
G1 X141.125 Y115.424 E3.25798 ; perimeter
G1 X141.109 Y115.575 E3.27056 ; perimeter
G1 X140.989 Y115.875 E3.29733 ; perimeter
G1 X140.777 Y116.056 E3.32042 ; perimeter
G1 X140.471 Y116.128 E3.34646 ; perimeter
G1 X134.6 Y116.127 E3.8328 ; perimeter
G1 X134.432 Y116.109 E3.8468 ; perimeter
G1 X134.14 Y116 E3.87262 ; perimeter
G1 X133.952 Y115.794 E3.89572 ; perimeter
G1 X133.873 Y115.482 E3.92238 ; perimeter
G1 X133.875 Y109.5 E4.41791 ; perimeter
G1 X133.908 Y109.39 E4.42742 ; perimeter
G1 X133.583 Y109.329 ; move to first perimeter point
G1 X133.611 Y109.156 E4.44194 ; perimeter
G1 X133.753 Y108.909 E4.46554 ; perimeter
G1 X134.043 Y108.661 E4.49715 ; perimeter
G1 X134.42 Y108.547 E4.52978 ; perimeter
G1 X140.38 Y108.54 E5.02349 ; perimeter
G1 X140.811 Y108.6 E5.05954 ; perimeter
G1 X141.119 Y108.778 E5.08901 ; perimeter
G1 X141.338 Y109.05 E5.11794 ; perimeter
G1 X141.401 Y109.25 E5.13531 ; perimeter
G1 X141.449 Y109.553 E5.16072 ; perimeter
G1 X141.456 Y115.423 E5.64697 ; perimeter
G1 X141.389 Y115.845 E5.68237 ; perimeter
G1 X141.235 Y116.111 E5.70783 ; perimeter
G1 X140.926 Y116.355 E5.74044 ; perimeter
G1 X140.49 Y116.46 E5.77759 ; perimeter
G1 X134.6 Y116.459 E6.2655 ; perimeter
G1 X134.329 Y116.426 E6.28811 ; perimeter
G1 X134.052 Y116.329 E6.31242 ; perimeter
G1 X133.799 Y116.15 E6.33809 ; perimeter
G1 X133.618 Y115.847 E6.36733 ; perimeter
G1 X133.541 Y115.505 E6.39637 ; perimeter
G1 X133.543 Y109.576 E6.88751 ; perimeter
G1 X133.571 Y109.403 E6.90203 ; perimeter
G1 X133.249 Y109.345 ; move to first perimeter point
;TYPE:External perimeter
G1 X133.298 Y109.034 E6.92811 ; perimeter
G1 X133.494 Y108.695 E6.96055 ; perimeter
G1 X133.651 Y108.561 E6.97765 ; perimeter
G1 X133.978 Y108.326 E7.01101 ; perimeter
G1 X134.384 Y108.216 E7.04585 ; perimeter
G1 X140.38 Y108.209 E7.54254 ; perimeter
G1 X140.926 Y108.284 E7.58819 ; perimeter
G1 X141.338 Y108.522 E7.6276 ; perimeter
G1 X141.635 Y108.891 E7.66684 ; perimeter
G1 X141.78 Y109.346 E7.7064 ; perimeter
G1 X141.78 Y109.553 E7.72355 ; perimeter
G1 X141.788 Y115.423 E8.20981 ; perimeter
G1 X141.702 Y115.966 E8.25535 ; perimeter
G1 X141.501 Y116.312 E8.2885 ; perimeter
G1 X141.252 Y116.537 E8.3163 ; perimeter
G1 X140.93 Y116.705 E8.34639 ; perimeter
G1 X140.509 Y116.791 E8.38198 ; perimeter
G1 X134.6 Y116.79 E8.87147 ; perimeter
G1 X134.072 Y116.715 E8.91565 ; perimeter
G1 X133.719 Y116.526 E8.94882 ; perimeter
G1 X133.487 Y116.284 E8.97659 ; perimeter
G1 X133.309 Y115.967 E9.00671 ; perimeter
G1 X133.21 Y115.527 E9.04407 ; perimeter
G1 X133.212 Y109.575 E9.53712 ; perimeter
G1 X133.237 Y109.419 E9.55021 ; perimeter
G1 X133.373 Y108.938 ; move inwards before travel
G1 X134.391 Y109.546 ; move to first infill point
;TYPE:Solid infill
;WIDTH:0.401358
G1 X140.45 Y109.554 E10.0769 ; infill
G1 X140.455 Y109.894 E10.10646 ; infill
G1 X134.537 Y109.894 E10.62089 ; infill
G1 X134.537 Y110.242 E10.65114 ; infill
G1 X140.455 Y110.242 E11.16557 ; infill
G1 X140.456 Y110.59 E11.19582 ; infill
G1 X134.537 Y110.59 E11.71034 ; infill
G1 X134.537 Y110.937 E11.7405 ; infill
G1 X140.456 Y110.937 E12.25502 ; infill
G1 X140.457 Y111.285 E12.28527 ; infill
G1 X134.537 Y111.285 E12.79988 ; infill
G1 X134.537 Y111.633 E12.83013 ; infill
G1 X140.457 Y111.633 E13.34474 ; infill
G1 X140.458 Y111.98 E13.3749 ; infill
G1 X134.537 Y111.98 E13.88959 ; infill
G1 X134.536 Y112.328 E13.91984 ; infill
G1 X140.458 Y112.328 E14.43462 ; infill
G1 X140.459 Y112.676 E14.46487 ; infill
G1 X134.536 Y112.676 E14.97974 ; infill
G1 X134.536 Y113.024 E15.00999 ; infill
G1 X140.459 Y113.024 E15.52486 ; infill
G1 X140.46 Y113.371 E15.55502 ; infill
G1 X134.536 Y113.371 E16.06998 ; infill
G1 X134.536 Y113.719 E16.10023 ; infill
G1 X140.46 Y113.719 E16.61519 ; infill
G1 X140.461 Y114.067 E16.64544 ; infill
G1 X134.536 Y114.067 E17.16048 ; infill
G1 X134.536 Y114.414 E17.19064 ; infill
G1 X140.461 Y114.414 E17.70568 ; infill
G1 X140.461 Y114.762 E17.73593 ; infill
G1 X134.536 Y114.762 E18.25097 ; infill
G1 X134.535 Y115.11 E18.28122 ; infill
G1 X140.462 Y115.11 E18.79644 ; infill
G1 X140.462 Y115.419 E18.8233 ; infill
G1 X140.446 Y115.458 E18.82696 ; infill
G1 X134.39 Y115.458 E19.35339 ; infill
;LAYER_CHANGE
;Z:0.5
;HEIGHT:0.25
;announce new layer <1>
;---
M756 S0.25
M790 ;execute any new layer actions
;---
G1 Z.5 F1500 ; simple layer change
G1 X133.936 Y115.568 ; travel to first layer point
;TYPE:Perimeter
;WIDTH:0.384999
G1 X133.909 Y115.482 E19.36086 ; perimeter
G1 X133.909 Y109.591 E19.84885 ; perimeter
G1 X133.93 Y109.422 E19.86296 ; perimeter
G1 X134.057 Y109.121 E19.89002 ; perimeter
G1 X134.198 Y109.013 E19.90473 ; perimeter
G1 X134.482 Y108.913 E19.92967 ; perimeter
G1 X140.444 Y108.907 E20.42355 ; perimeter
G1 X140.82 Y109.008 E20.4558 ; perimeter
G1 X141.019 Y109.221 E20.47995 ; perimeter
G1 X141.094 Y109.647 E20.51578 ; perimeter
G1 X141.091 Y115.408 E20.99301 ; perimeter
G1 X141.064 Y115.602 E21.00924 ; perimeter
G1 X140.952 Y115.864 E21.03284 ; perimeter
G1 X140.74 Y116.021 E21.05469 ; perimeter
G1 X140.464 Y116.093 E21.07832 ; perimeter
G1 X134.62 Y116.093 E21.56242 ; perimeter
G1 X134.395 Y116.063 E21.58122 ; perimeter
G1 X134.134 Y115.954 E21.60465 ; perimeter
G1 X134.004 Y115.787 E21.62218 ; perimeter
G1 X133.958 Y115.639 E21.63502 ; perimeter
G1 X133.622 Y115.721 ; move to first perimeter point
G1 X133.578 Y115.518 E21.65223 ; perimeter
G1 X133.578 Y109.591 E22.14321 ; perimeter
G1 X133.647 Y109.169 E22.17863 ; perimeter
G1 X133.8 Y108.904 E22.20398 ; perimeter
G1 X134.143 Y108.657 E22.23899 ; perimeter
G1 X134.441 Y108.582 E22.26445 ; perimeter
G1 X140.353 Y108.576 E22.75418 ; perimeter
G1 X140.569 Y108.593 E22.77213 ; perimeter
G1 X140.961 Y108.702 E22.80583 ; perimeter
G1 X141.218 Y108.922 E22.83385 ; perimeter
G1 X141.368 Y109.197 E22.8598 ; perimeter
G1 X141.425 Y109.647 E22.89737 ; perimeter
G1 X141.422 Y115.408 E23.3746 ; perimeter
G1 X141.388 Y115.673 E23.39673 ; perimeter
G1 X141.283 Y115.952 E23.42142 ; perimeter
G1 X141.11 Y116.168 E23.44434 ; perimeter
G1 X140.858 Y116.331 E23.4692 ; perimeter
G1 X140.49 Y116.424 E23.50064 ; perimeter
G1 X134.62 Y116.424 E23.98689 ; perimeter
G1 X134.196 Y116.363 E24.02237 ; perimeter
G1 X133.865 Y116.155 E24.05475 ; perimeter
G1 X133.646 Y115.831 E24.08715 ; perimeter
G1 X133.638 Y115.794 E24.09029 ; perimeter
G1 X133.317 Y115.876 ; move to first perimeter point
G1 X133.247 Y115.554 E24.11759 ; perimeter
G1 X133.247 Y109.591 E24.61155 ; perimeter
G1 X133.334 Y109.048 E24.6571 ; perimeter
G1 X133.603 Y108.63 E24.69828 ; perimeter
G1 X134.013 Y108.348 E24.7395 ; perimeter
G1 X134.4 Y108.251 E24.77255 ; perimeter
G1 X140.353 Y108.244 E25.26568 ; perimeter
G1 X140.768 Y108.293 E25.3003 ; perimeter
G1 X141.127 Y108.414 E25.33168 ; perimeter
G1 X141.477 Y108.714 E25.36987 ; perimeter
G1 X141.689 Y109.105 E25.40671 ; perimeter
G1 X141.756 Y109.647 E25.45195 ; perimeter
G1 X141.753 Y115.408 E25.92918 ; perimeter
G1 X141.666 Y115.952 E25.97482 ; perimeter
G1 X141.474 Y116.284 E26.00659 ; perimeter
G1 X141.191 Y116.543 E26.03837 ; perimeter
G1 X140.835 Y116.706 E26.0708 ; perimeter
G1 X140.515 Y116.756 E26.09763 ; perimeter
G1 X134.62 Y116.756 E26.58596 ; perimeter
G1 X134.084 Y116.679 E26.63082 ; perimeter
G1 X133.739 Y116.494 E26.66325 ; perimeter
G1 X133.53 Y116.291 E26.68739 ; perimeter
G1 X133.334 Y115.952 E26.71983 ; perimeter
G1 X133.333 Y115.95 E26.72002 ; perimeter
G1 X133.021 Y116.073 ; move to first perimeter point
;TYPE:External perimeter
G1 X132.915 Y115.59 E26.76098 ; perimeter
G1 X132.915 Y109.41 E27.27291 ; perimeter
G1 X133.021 Y108.927 E27.31387 ; perimeter
G1 X133.196 Y108.624 E27.34286 ; perimeter
G1 X133.464 Y108.298 E27.37782 ; perimeter
G1 X133.882 Y108.039 E27.41855 ; perimeter
G1 X134.359 Y107.92 E27.45927 ; perimeter
G1 X140.352 Y107.913 E27.95571 ; perimeter
G1 X140.828 Y107.967 E27.99539 ; perimeter
G1 X141.182 Y108.074 E28.02602 ; perimeter
G1 X141.533 Y108.295 E28.06038 ; perimeter
G1 X141.812 Y108.619 E28.0958 ; perimeter
G1 X142.01 Y109.014 E28.1324 ; perimeter
G1 X142.088 Y109.647 E28.18523 ; perimeter
G1 X142.085 Y115.59 E28.67753 ; perimeter
G1 X141.979 Y116.073 E28.71849 ; perimeter
G1 X141.736 Y116.494 E28.75876 ; perimeter
G1 X141.376 Y116.822 E28.7991 ; perimeter
G1 X140.931 Y117.027 E28.83969 ; perimeter
G1 X140.541 Y117.087 E28.87238 ; perimeter
G1 X134.62 Y117.087 E29.36286 ; perimeter
G1 X133.973 Y116.996 E29.41698 ; perimeter
G1 X133.542 Y116.764 E29.45753 ; perimeter
G1 X133.266 Y116.497 E29.48934 ; perimeter
G1 X133.059 Y116.138 E29.52367 ; perimeter
G1 X132.933 Y115.654 ; move inwards before travel
G92 E0 ; reset extrusion distance
G1 X134.158 Y109.545 ; move to first infill point
;TYPE:Solid infill
;WIDTH:0.47865
G1 X134.158 Y115.455 E.62794 ; infill
;WIDTH:0.384999
G1 X134.406 Y115.724 E.65825 ; infill
G1 X134.406 Y109.274 E1.19255 ; infill
G1 X134.738 Y109.245 E1.22016 ; infill
G1 X134.738 Y115.762 E1.76001 ; infill
G1 X135.069 Y115.762 E1.78743 ; infill
G1 X135.069 Y109.245 E2.32728 ; infill
G1 X135.4 Y109.245 E2.3547 ; infill
G1 X135.4 Y115.762 E2.89455 ; infill
G1 X135.732 Y115.762 E2.92205 ; infill
G1 X135.732 Y109.245 E3.4619 ; infill
G1 X136.063 Y109.245 E3.48932 ; infill
G1 X136.063 Y115.762 E4.02917 ; infill
G1 X136.395 Y115.762 E4.05667 ; infill
G1 X136.395 Y109.246 E4.59644 ; infill
G1 X136.726 Y109.246 E4.62386 ; infill
G1 X136.726 Y115.762 E5.16363 ; infill
G1 X137.057 Y115.762 E5.19105 ; infill
G1 X137.057 Y109.246 E5.73082 ; infill
G1 X137.389 Y109.246 E5.75832 ; infill
G1 X137.389 Y115.762 E6.29809 ; infill
G1 X137.72 Y115.762 E6.32551 ; infill
G1 X137.72 Y109.246 E6.86528 ; infill
G1 X138.051 Y109.246 E6.8927 ; infill
G1 X138.051 Y115.762 E7.43247 ; infill
G1 X138.383 Y115.762 E7.45997 ; infill
G1 X138.383 Y109.247 E7.99965 ; infill
G1 X138.714 Y109.247 E8.02707 ; infill
G1 X138.714 Y115.762 E8.56675 ; infill
G1 X139.045 Y115.762 E8.59417 ; infill
G1 X139.045 Y109.247 E9.13385 ; infill
G1 X139.377 Y109.247 E9.16135 ; infill
G1 X139.377 Y115.762 E9.70103 ; infill
G1 X139.708 Y115.762 E9.72845 ; infill
G1 X139.708 Y109.247 E10.26813 ; infill
G1 X140.039 Y109.247 E10.29555 ; infill
G1 X140.039 Y115.762 E10.83523 ; infill
G1 X140.371 Y115.762 E10.86273 ; infill
G1 X140.371 Y109.247 E11.40241 ; infill
G1 X140.702 Y109.346 E11.43103 ; infill
G1 X140.702 Y115.634 E11.95191 ; infill
G1 X140.814 Y115.445 E11.97011 ; infill
;WIDTH:0.47865
G1 X140.815 Y109.611 E12.58997 ; infill
G1 X140.796 Y109.366 E12.61608 ; infill
;LAYER_CHANGE
;Z:0.75
;HEIGHT:0.25
;announce new layer <2>
;---
M756 S0.25
M790 ;execute any new layer actions
;---
G1 Z.75 F1500 ; simple layer change
G1 X141.147 Y109.203 ; travel to first layer point
;TYPE:Perimeter
;WIDTH:0.384999
G1 X141.175 Y109.255 E12.62097 ; perimeter
G1 X141.24 Y109.594 E12.64956 ; perimeter
G1 X141.237 Y115.4 E13.13051 ; perimeter
G1 X141.201 Y115.654 E13.15176 ; perimeter
G1 X141.066 Y115.955 E13.17909 ; perimeter
G1 X140.8 Y116.152 E13.20651 ; perimeter
G1 X140.469 Y116.239 E13.23486 ; perimeter
G1 X134.63 Y116.239 E13.71855 ; perimeter
G1 X134.368 Y116.205 E13.74044 ; perimeter
G1 X134.062 Y116.079 E13.76785 ; perimeter
G1 X133.861 Y115.843 E13.79353 ; perimeter
G1 X133.764 Y115.491 E13.82378 ; perimeter
G1 X133.764 Y109.509 E14.31931 ; perimeter
G1 X133.879 Y109.141 E14.35125 ; perimeter
G1 X134.099 Y108.895 E14.37859 ; perimeter
G1 X134.433 Y108.768 E14.40819 ; perimeter
G1 X140.473 Y108.76 E14.90853 ; perimeter
G1 X140.803 Y108.834 E14.93655 ; perimeter
G1 X141.043 Y109.009 E14.96115 ; perimeter
G1 X141.111 Y109.137 E14.97316 ; perimeter
G1 X141.391 Y108.937 ; move to first perimeter point
G1 X141.552 Y109.329 E15.00826 ; perimeter
G1 X141.572 Y109.594 E15.03027 ; perimeter
G1 X141.568 Y115.401 E15.51131 ; perimeter
G1 X141.49 Y115.884 E15.55184 ; perimeter
G1 X141.327 Y116.165 E15.57875 ; perimeter
G1 X141.086 Y116.385 E15.60578 ; perimeter
G1 X140.778 Y116.526 E15.63384 ; perimeter
G1 X140.494 Y116.571 E15.65766 ; perimeter
G1 X134.63 Y116.571 E16.14342 ; perimeter
G1 X134.147 Y116.501 E16.18385 ; perimeter
G1 X133.86 Y116.347 E16.21083 ; perimeter
G1 X133.569 Y116 E16.24834 ; perimeter
G1 X133.432 Y115.527 E16.28913 ; perimeter
G1 X133.432 Y109.599 E16.78019 ; perimeter
G1 X133.51 Y109.116 E16.82072 ; perimeter
G1 X133.673 Y108.835 E16.84763 ; perimeter
G1 X133.914 Y108.615 E16.87466 ; perimeter
G1 X134.062 Y108.547 E16.88815 ; perimeter
G1 X134.402 Y108.437 E16.91775 ; perimeter
G1 X140.405 Y108.429 E17.41502 ; perimeter
G1 X140.855 Y108.493 E17.45267 ; perimeter
G1 X141.11 Y108.629 E17.47661 ; perimeter
G1 X141.354 Y108.873 E17.50519 ; perimeter
G1 X141.627 Y108.703 ; move to first perimeter point
G1 X141.725 Y108.825 E17.51815 ; perimeter
G1 X141.878 Y109.258 E17.55619 ; perimeter
G1 X141.903 Y109.594 E17.5841 ; perimeter
G1 X141.899 Y115.563 E18.07856 ; perimeter
G1 X141.802 Y116.005 E18.11605 ; perimeter
G1 X141.588 Y116.376 E18.15153 ; perimeter
G1 X141.272 Y116.664 E18.18695 ; perimeter
G1 X140.875 Y116.847 E18.22316 ; perimeter
G1 X140.52 Y116.902 E18.25292 ; perimeter
G1 X134.63 Y116.902 E18.74083 ; perimeter
G1 X134.036 Y116.817 E18.79054 ; perimeter
G1 X133.658 Y116.615 E18.82604 ; perimeter
G1 X133.354 Y116.301 E18.86224 ; perimeter
G1 X133.199 Y116.012 E18.88941 ; perimeter
G1 X133.101 Y115.563 E18.92748 ; perimeter
G1 X133.101 Y109.437 E19.43494 ; perimeter
G1 X133.198 Y108.995 E19.47243 ; perimeter
G1 X133.412 Y108.624 E19.50791 ; perimeter
G1 X133.728 Y108.336 E19.54333 ; perimeter
G1 X134.005 Y108.208 E19.56861 ; perimeter
G1 X134.371 Y108.105 E19.60011 ; perimeter
G1 X140.5 Y108.097 E20.10782 ; perimeter
G1 X140.965 Y108.179 E20.14693 ; perimeter
G1 X141.411 Y108.436 E20.18957 ; perimeter
G1 X141.579 Y108.644 E20.21172 ; perimeter
G1 X141.835 Y108.426 ; move to first perimeter point
;TYPE:External perimeter
G1 X142.024 Y108.676 E20.23768 ; perimeter
G1 X142.204 Y109.186 E20.28248 ; perimeter
G1 X142.234 Y109.594 E20.31637 ; perimeter
G1 X142.231 Y115.599 E20.81381 ; perimeter
G1 X142.115 Y116.126 E20.85851 ; perimeter
G1 X141.849 Y116.586 E20.90253 ; perimeter
G1 X141.457 Y116.944 E20.94651 ; perimeter
G1 X140.971 Y117.167 E20.9908 ; perimeter
G1 X140.545 Y117.233 E21.02651 ; perimeter
G1 X134.458 Y117.233 E21.53074 ; perimeter
G1 X133.924 Y117.134 E21.57573 ; perimeter
G1 X133.456 Y116.882 E21.61976 ; perimeter
G1 X133.084 Y116.499 E21.66399 ; perimeter
G1 X132.885 Y116.128 E21.69886 ; perimeter
G1 X132.77 Y115.598 E21.74379 ; perimeter
G1 X132.77 Y109.401 E22.25713 ; perimeter
G1 X132.885 Y108.874 E22.30181 ; perimeter
G1 X133.151 Y108.414 E22.34583 ; perimeter
G1 X133.543 Y108.056 E22.38981 ; perimeter
G1 X134.031 Y107.832 E22.43429 ; perimeter
G1 X134.34 Y107.774 E22.46033 ; perimeter
G1 X140.405 Y107.766 E22.96274 ; perimeter
G1 X140.901 Y107.821 E23.00408 ; perimeter
G1 X141.367 Y107.999 E23.0454 ; perimeter
G1 X141.732 Y108.291 E23.08412 ; perimeter
G1 X141.789 Y108.366 E23.09192 ; perimeter
G1 X142.05 Y108.793 ; move inwards before travel
G1 X134.573 Y115.991 ; move to first infill point
;TYPE:Solid infill
;WIDTH:0.47865
G1 X140.61 Y115.978 E23.73335 ; infill
;WIDTH:0.384999
G1 X140.806 Y115.742 E23.75876 ; infill
G1 X134.197 Y115.742 E24.30623 ; infill
G1 X134.095 Y115.411 E24.33492 ; infill
G1 X140.905 Y115.411 E24.89904 ; infill
G1 X140.905 Y115.079 E24.92654 ; infill
G1 X134.095 Y115.079 E25.49066 ; infill
G1 X134.095 Y114.748 E25.51808 ; infill
G1 X140.906 Y114.748 E26.08228 ; infill
G1 X140.906 Y114.417 E26.1097 ; infill
G1 X134.095 Y114.417 E26.6739 ; infill
G1 X134.095 Y114.085 E26.7014 ; infill
G1 X140.906 Y114.085 E27.2656 ; infill
G1 X140.906 Y113.754 E27.29302 ; infill
G1 X134.095 Y113.754 E27.85722 ; infill
G1 X134.095 Y113.423 E27.88464 ; infill
G1 X140.906 Y113.423 E28.44884 ; infill
G1 X140.907 Y113.091 E28.47634 ; infill
G1 X134.095 Y113.091 E29.04063 ; infill
G1 X134.095 Y112.76 E29.06805 ; infill
G1 X140.907 Y112.76 E29.63234 ; infill
G1 X140.907 Y112.429 E29.65976 ; infill
G1 X134.095 Y112.429 E30.22405 ; infill
G1 X134.095 Y112.097 E30.25155 ; infill
G1 X140.907 Y112.097 E30.81584 ; infill
G1 X140.908 Y111.766 E30.84326 ; infill
G1 X134.095 Y111.766 E31.40763 ; infill
G1 X134.095 Y111.435 E31.43505 ; infill
G1 X140.908 Y111.435 E31.99942 ; infill
G1 X140.908 Y111.103 E32.02692 ; infill
G1 X134.095 Y111.103 E32.59129 ; infill
G1 X134.095 Y110.772 E32.61871 ; infill
G1 X140.908 Y110.772 E33.18308 ; infill
G1 X140.908 Y110.441 E33.2105 ; infill
G1 X134.095 Y110.441 E33.77487 ; infill
G1 X134.095 Y110.109 E33.80237 ; infill
G1 X140.909 Y110.109 E34.36682 ; infill
G1 X140.909 Y109.778 E34.39424 ; infill
G1 X134.095 Y109.778 E34.95869 ; infill
G1 X134.116 Y109.447 E34.98616 ; infill
G1 X140.888 Y109.447 E35.54713 ; infill
G1 X140.596 Y109.115 E35.58376 ; infill
G1 X134.439 Y109.115 E36.09379 ; infill
;WIDTH:0.431825
G1 X134.452 Y109.07 E36.09822 ; infill
;WIDTH:0.47865
G1 X134.466 Y109.024 E36.10333 ; infill
G1 X140.48 Y109.022 E36.74232 ; infill
;LAYER_CHANGE
;Z:1
;HEIGHT:0.25
;announce new layer <3>
;---
M756 S0.25
M790 ;execute any new layer actions
;---
G1 Z1 F1500 ; simple layer change
G1 X140.619 Y108.734 ; travel to first layer point
;TYPE:Perimeter
;WIDTH:0.384999
G1 X140.8 Y108.76 E36.75747 ; perimeter
G1 X141.021 Y108.892 E36.77879 ; perimeter
G1 X141.256 Y109.245 E36.81392 ; perimeter
G1 X141.305 Y109.595 E36.8432 ; perimeter
G1 X141.302 Y115.369 E37.3215 ; perimeter
G1 X141.264 Y115.667 E37.34639 ; perimeter
G1 X141.117 Y115.996 E37.37624 ; perimeter
G1 X140.852 Y116.208 E37.40435 ; perimeter
G1 X140.452 Y116.305 E37.43845 ; perimeter
G1 X134.634 Y116.305 E37.9204 ; perimeter
G1 X134.356 Y116.269 E37.94362 ; perimeter
G1 X134.023 Y116.132 E37.97345 ; perimeter
G1 X133.8 Y115.849 E38.0033 ; perimeter
G1 X133.698 Y115.514 E38.03231 ; perimeter
G1 X133.698 Y109.602 E38.52204 ; perimeter
G1 X133.736 Y109.333 E38.54454 ; perimeter
G1 X133.87 Y109.028 E38.57214 ; perimeter
G1 X134.018 Y108.865 E38.59038 ; perimeter
G1 X134.408 Y108.703 E38.62536 ; perimeter
G1 X140.362 Y108.696 E39.11857 ; perimeter
G1 X140.545 Y108.723 E39.13389 ; perimeter
G1 X140.671 Y108.4 ; move to first perimeter point
G1 X140.68 Y108.401 E39.13464 ; perimeter
G1 X141.067 Y108.519 E39.16816 ; perimeter
G1 X141.365 Y108.771 E39.20049 ; perimeter
G1 X141.592 Y109.216 E39.24187 ; perimeter
G1 X141.637 Y109.595 E39.27349 ; perimeter
G1 X141.633 Y115.398 E39.75419 ; perimeter
G1 X141.551 Y115.907 E39.7969 ; perimeter
G1 X141.378 Y116.206 E39.82552 ; perimeter
G1 X141.206 Y116.363 E39.84481 ; perimeter
G1 X140.887 Y116.56 E39.87587 ; perimeter
G1 X140.483 Y116.636 E39.90992 ; perimeter
G1 X134.634 Y116.636 E40.39444 ; perimeter
G1 X134.125 Y116.563 E40.43704 ; perimeter
G1 X133.821 Y116.399 E40.46565 ; perimeter
G1 X133.58 Y116.151 E40.4943 ; perimeter
G1 X133.42 Y115.83 E40.52401 ; perimeter
G1 X133.367 Y115.544 E40.5481 ; perimeter
G1 X133.367 Y109.602 E41.04032 ; perimeter
G1 X133.449 Y109.093 E41.08303 ; perimeter
G1 X133.635 Y108.771 E41.11383 ; perimeter
G1 X133.912 Y108.533 E41.14408 ; perimeter
G1 X134.383 Y108.372 E41.18531 ; perimeter
G1 X140.361 Y108.364 E41.68051 ; perimeter
G1 X140.596 Y108.392 E41.70011 ; perimeter
G1 X140.722 Y108.072 ; move to first perimeter point
G1 X141.002 Y108.124 E41.7237 ; perimeter
G1 X141.454 Y108.387 E41.76702 ; perimeter
G1 X141.704 Y108.696 E41.79995 ; perimeter
G1 X141.911 Y109.125 E41.83941 ; perimeter
G1 X141.968 Y109.596 E41.87871 ; perimeter
G1 X141.964 Y115.567 E42.37333 ; perimeter
G1 X141.863 Y116.028 E42.41242 ; perimeter
G1 X141.639 Y116.417 E42.4496 ; perimeter
G1 X141.302 Y116.724 E42.48736 ; perimeter
G1 X140.994 Y116.878 E42.51589 ; perimeter
G1 X140.514 Y116.967 E42.55633 ; perimeter
G1 X134.634 Y116.967 E43.04341 ; perimeter
G1 X134.014 Y116.879 E43.09528 ; perimeter
G1 X133.619 Y116.667 E43.13242 ; perimeter
G1 X133.307 Y116.345 E43.16956 ; perimeter
G1 X133.103 Y115.936 E43.20742 ; perimeter
G1 X133.036 Y115.575 E43.23783 ; perimeter
G1 X133.036 Y109.433 E43.74662 ; perimeter
G1 X133.137 Y108.972 E43.78571 ; perimeter
G1 X133.369 Y108.57 E43.82416 ; perimeter
G1 X133.754 Y108.239 E43.86622 ; perimeter
G1 X134.357 Y108.04 E43.91882 ; perimeter
G1 X140.509 Y108.033 E44.42844 ; perimeter
G1 X140.648 Y108.058 E44.44014 ; perimeter
G1 X140.772 Y107.744 ; move to first perimeter point
;TYPE:External perimeter
G1 X141.103 Y107.806 E44.46804 ; perimeter
G1 X141.513 Y108.023 E44.50647 ; perimeter
G1 X141.898 Y108.369 E44.54935 ; perimeter
G1 X142.179 Y108.855 E44.59585 ; perimeter
G1 X142.268 Y109.169 E44.62289 ; perimeter
G1 X142.299 Y109.596 E44.65835 ; perimeter
G1 X142.296 Y115.603 E45.15595 ; perimeter
G1 X142.176 Y116.149 E45.20226 ; perimeter
G1 X141.9 Y116.627 E45.24798 ; perimeter
G1 X141.491 Y117 E45.29383 ; perimeter
G1 X141.1 Y117.195 E45.33002 ; perimeter
G1 X140.544 Y117.299 E45.37688 ; perimeter
G1 X134.455 Y117.299 E45.88128 ; perimeter
G1 X133.903 Y117.195 E45.92781 ; perimeter
G1 X133.417 Y116.935 E45.97347 ; perimeter
G1 X133.033 Y116.539 E46.01916 ; perimeter
G1 X132.786 Y116.042 E46.06513 ; perimeter
G1 X132.704 Y115.606 E46.10188 ; perimeter
G1 X132.704 Y109.397 E46.61622 ; perimeter
G1 X132.824 Y108.851 E46.66253 ; perimeter
G1 X133.009 Y108.53 E46.69322 ; perimeter
G1 X133.232 Y108.234 E46.72392 ; perimeter
G1 X133.596 Y107.945 E46.76242 ; perimeter
G1 X133.887 Y107.833 E46.78825 ; perimeter
G1 X134.331 Y107.709 E46.82644 ; perimeter
G1 X140.54 Y107.701 E47.34078 ; perimeter
G1 X140.699 Y107.731 E47.35418 ; perimeter
G1 X141.181 Y107.864 ; move inwards before travel
G1 X133.947 Y109.532 ; move to first infill point
;TYPE:Solid infill
;WIDTH:0.47865
G1 X133.947 Y115.491 E47.98732 ; infill
;WIDTH:0.384999
G1 X134.195 Y115.833 E48.02231 ; infill
G1 X134.195 Y109.153 E48.57566 ; infill
G1 X134.527 Y109.034 E48.60488 ; infill
G1 X134.527 Y115.964 E49.17894 ; infill
G1 X134.858 Y115.973 E49.20637 ; infill
G1 X134.858 Y109.034 E49.78118 ; infill
G1 X135.189 Y109.033 E49.8086 ; infill
G1 X135.189 Y115.973 E50.38349 ; infill
G1 X135.521 Y115.973 E50.41099 ; infill
G1 X135.521 Y109.033 E50.98588 ; infill
G1 X135.852 Y109.032 E51.0133 ; infill
G1 X135.852 Y115.973 E51.58827 ; infill
G1 X136.183 Y115.973 E51.61569 ; infill
G1 X136.183 Y109.032 E52.19066 ; infill
G1 X136.515 Y109.032 E52.21816 ; infill
G1 X136.515 Y115.973 E52.79313 ; infill
G1 X136.846 Y115.973 E52.82055 ; infill
G1 X136.846 Y109.031 E53.39561 ; infill
G1 X137.177 Y109.031 E53.42303 ; infill
G1 X137.177 Y115.973 E53.99809 ; infill
G1 X137.509 Y115.973 E54.02559 ; infill
G1 X137.509 Y109.03 E54.60073 ; infill
G1 X137.84 Y109.03 E54.62815 ; infill
G1 X137.84 Y115.973 E55.20329 ; infill
G1 X138.171 Y115.973 E55.23071 ; infill
G1 X138.171 Y109.03 E55.80585 ; infill
G1 X138.503 Y109.029 E55.83335 ; infill
G1 X138.503 Y115.973 E56.40857 ; infill
G1 X138.834 Y115.973 E56.43599 ; infill
G1 X138.834 Y109.029 E57.01121 ; infill
G1 X139.165 Y109.028 E57.03863 ; infill
G1 X139.165 Y115.973 E57.61393 ; infill
G1 X139.497 Y115.973 E57.64143 ; infill
G1 X139.497 Y109.028 E58.21673 ; infill
G1 X139.828 Y109.028 E58.24415 ; infill
G1 X139.828 Y115.973 E58.81945 ; infill
G1 X140.16 Y115.973 E58.84695 ; infill
G1 X140.16 Y109.027 E59.42234 ; infill
G1 X140.491 Y109.04 E59.44978 ; infill
G1 X140.491 Y115.96 E60.02301 ; infill
G1 X140.822 Y115.816 E60.05291 ; infill
G1 X140.822 Y109.163 E60.60403 ; infill
G1 X140.965 Y109.358 E60.62406 ; infill
;WIDTH:0.47865
G1 X140.981 Y109.573 E60.64697 ; infill
G1 X140.979 Y115.46 E61.27246 ; infill
;LAYER_CHANGE
;Z:1.25
;HEIGHT:0.25
;announce new layer <4>
;---
M756 S0.25
M790 ;execute any new layer actions
;---
G1 Z1.25 F1500 ; simple layer change
G1 X141.273 Y115.613 ; travel to first layer point
;TYPE:Perimeter
;WIDTH:0.384999
G1 X141.199 Y115.873 E61.29485 ; perimeter
G1 X140.946 Y116.174 E61.32742 ; perimeter
G1 X140.525 Y116.311 E61.36409 ; perimeter
G1 X134.608 Y116.311 E61.85424 ; perimeter
G1 X134.347 Y116.277 E61.87604 ; perimeter
G1 X134.01 Y116.136 E61.9063 ; perimeter
G1 X133.788 Y115.881 E61.93431 ; perimeter
G1 X133.689 Y115.497 E61.96716 ; perimeter
G1 X133.689 Y109.607 E62.45507 ; perimeter
G1 X133.723 Y109.345 E62.47696 ; perimeter
G1 X133.87 Y108.998 E62.50818 ; perimeter
G1 X134.062 Y108.824 E62.52964 ; perimeter
G1 X134.407 Y108.696 E62.56012 ; perimeter
G1 X140.426 Y108.689 E63.05872 ; perimeter
G1 X140.738 Y108.732 E63.08481 ; perimeter
G1 X141.033 Y108.891 E63.11257 ; perimeter
G1 X141.267 Y109.256 E63.14849 ; perimeter
G1 X141.313 Y109.576 E63.17527 ; perimeter
G1 X141.311 Y115.482 E63.66451 ; perimeter
G1 X141.294 Y115.541 E63.6696 ; perimeter
G1 X141.602 Y115.663 ; move to first perimeter point
G1 X141.569 Y115.883 E63.68803 ; perimeter
G1 X141.412 Y116.176 E63.71557 ; perimeter
G1 X141.065 Y116.491 E63.75439 ; perimeter
G1 X140.546 Y116.642 E63.79917 ; perimeter
G1 X134.608 Y116.642 E64.29106 ; perimeter
G1 X134.117 Y116.569 E64.33218 ; perimeter
G1 X133.814 Y116.407 E64.36064 ; perimeter
G1 X133.613 Y116.216 E64.38361 ; perimeter
G1 X133.455 Y115.945 E64.4096 ; perimeter
G1 X133.358 Y115.525 E64.44531 ; perimeter
G1 X133.358 Y109.607 E64.93554 ; perimeter
G1 X133.431 Y109.117 E64.97658 ; perimeter
G1 X133.597 Y108.805 E65.00586 ; perimeter
G1 X133.897 Y108.534 E65.03935 ; perimeter
G1 X134.378 Y108.365 E65.08158 ; perimeter
G1 X140.425 Y108.358 E65.5825 ; perimeter
G1 X140.713 Y108.378 E65.60641 ; perimeter
G1 X141.03 Y108.496 E65.63443 ; perimeter
G1 X141.308 Y108.702 E65.66309 ; perimeter
G1 X141.579 Y109.136 E65.70547 ; perimeter
G1 X141.645 Y109.576 E65.74233 ; perimeter
G1 X141.642 Y115.392 E66.22411 ; perimeter
G1 X141.613 Y115.589 E66.2406 ; perimeter
G1 X141.927 Y115.712 ; move to first perimeter point
G1 X141.885 Y115.995 E66.2643 ; perimeter
G1 X141.681 Y116.376 E66.3001 ; perimeter
G1 X141.363 Y116.694 E66.33735 ; perimeter
G1 X140.99 Y116.87 E66.37152 ; perimeter
G1 X140.566 Y116.974 E66.40768 ; perimeter
G1 X134.608 Y116.974 E66.90122 ; perimeter
G1 X134.005 Y116.885 E66.95171 ; perimeter
G1 X133.618 Y116.678 E66.98807 ; perimeter
G1 X133.358 Y116.431 E67.01778 ; perimeter
G1 X133.149 Y116.071 E67.05226 ; perimeter
G1 X133.026 Y115.554 E67.09628 ; perimeter
G1 X133.026 Y109.607 E67.58891 ; perimeter
G1 X133.115 Y109.005 E67.63932 ; perimeter
G1 X133.324 Y108.613 E67.67612 ; perimeter
G1 X133.609 Y108.335 E67.7091 ; perimeter
G1 X133.943 Y108.156 E67.74049 ; perimeter
G1 X134.349 Y108.033 E67.77563 ; perimeter
G1 X140.473 Y108.026 E68.28293 ; perimeter
G1 X140.903 Y108.09 E68.31894 ; perimeter
G1 X141.324 Y108.278 E68.35713 ; perimeter
G1 X141.554 Y108.479 E68.38243 ; perimeter
G1 X141.78 Y108.808 E68.41549 ; perimeter
G1 X141.931 Y109.177 E68.44852 ; perimeter
G1 X141.976 Y109.577 E68.48186 ; perimeter
G1 X141.974 Y115.392 E68.96356 ; perimeter
G1 X141.938 Y115.637 E68.98407 ; perimeter
G1 X142.269 Y115.762 ; move to first perimeter point
;TYPE:External perimeter
G1 X142.2 Y116.108 E69.0133 ; perimeter
G1 X141.95 Y116.575 E69.05718 ; perimeter
G1 X141.464 Y117.022 E69.11188 ; perimeter
G1 X141.006 Y117.216 E69.15308 ; perimeter
G1 X140.586 Y117.305 E69.18864 ; perimeter
G1 X134.42 Y117.305 E69.69941 ; perimeter
G1 X133.892 Y117.2 E69.744 ; perimeter
G1 X133.422 Y116.949 E69.78814 ; perimeter
G1 X133.251 Y116.786 E69.80771 ; perimeter
G1 X132.999 Y116.49 E69.83991 ; perimeter
G1 X132.772 Y116.026 E69.8827 ; perimeter
G1 X132.695 Y115.583 E69.91995 ; perimeter
G1 X132.695 Y109.42 E70.43048 ; perimeter
G1 X132.8 Y108.892 E70.47507 ; perimeter
G1 X132.96 Y108.593 E70.50316 ; perimeter
G1 X133.182 Y108.277 E70.53515 ; perimeter
G1 X133.568 Y107.953 E70.5769 ; perimeter
G1 X133.932 Y107.802 E70.60954 ; perimeter
G1 X134.321 Y107.702 E70.64281 ; perimeter
G1 X140.424 Y107.695 E71.14837 ; perimeter
G1 X140.696 Y107.708 E71.17093 ; perimeter
G1 X141.191 Y107.831 E71.21318 ; perimeter
G1 X141.609 Y108.079 E71.25344 ; perimeter
G1 X141.948 Y108.42 E71.29327 ; perimeter
G1 X142.202 Y108.895 E71.33789 ; perimeter
G1 X142.252 Y109.097 E71.35513 ; perimeter
G1 X142.307 Y109.577 E71.39515 ; perimeter
G1 X142.305 Y115.58 E71.89242 ; perimeter
G1 X142.283 Y115.689 E71.90163 ; perimeter
G1 X142.149 Y116.171 ; move inwards before travel
G1 X140.907 Y109.033 ; move to first infill point
;TYPE:Internal infill
;WIDTH:0.385
G1 X134.438 Y109.033 E72.43751 ; infill
G1 X134.139 Y109.197 E72.46576 ; infill
G1 X134.054 Y109.38 E72.48247 ; infill
G1 X140.954 Y109.38 E73.05405 ; infill
G1 X140.982 Y109.727 E73.08289 ; infill
G1 X134.02 Y109.727 E73.6596 ; infill
G1 X134.02 Y110.074 E73.68834 ; infill
G1 X140.982 Y110.074 E74.26505 ; infill
G1 X140.982 Y110.421 E74.29379 ; infill
G1 X134.02 Y110.421 E74.8705 ; infill
G1 X134.02 Y110.768 E74.89924 ; infill
G1 X140.982 Y110.768 E75.47595 ; infill
G1 X140.981 Y111.115 E75.50469 ; infill
G1 X134.02 Y111.115 E76.08132 ; infill
G1 X134.02 Y111.462 E76.11006 ; infill
G1 X140.981 Y111.462 E76.68669 ; infill
G1 X140.981 Y111.809 E76.71543 ; infill
G1 X134.02 Y111.809 E77.29206 ; infill
G1 X134.02 Y112.156 E77.3208 ; infill
G1 X140.981 Y112.156 E77.89743 ; infill
G1 X140.981 Y112.503 E77.92617 ; infill
G1 X134.02 Y112.503 E78.5028 ; infill
G1 X134.02 Y112.849 E78.53146 ; infill
G1 X140.981 Y112.849 E79.10809 ; infill
G1 X140.981 Y113.196 E79.13683 ; infill
G1 X134.02 Y113.196 E79.71346 ; infill
G1 X134.02 Y113.543 E79.7422 ; infill
G1 X140.981 Y113.543 E80.31883 ; infill
G1 X140.98 Y113.89 E80.34757 ; infill
G1 X134.02 Y113.89 E80.92412 ; infill
G1 X134.02 Y114.237 E80.95286 ; infill
G1 X140.98 Y114.237 E81.52941 ; infill
G1 X140.98 Y114.584 E81.55815 ; infill
G1 X134.02 Y114.584 E82.1347 ; infill
G1 X134.02 Y114.931 E82.16344 ; infill
G1 X140.98 Y114.931 E82.73999 ; infill
G1 X140.98 Y115.278 E82.76873 ; infill
G1 X134.02 Y115.278 E83.34528 ; infill
G1 X134.047 Y115.625 E83.37411 ; infill
G1 X140.945 Y115.625 E83.94552 ; infill
G1 X140.755 Y115.896 E83.97294 ; infill
G1 X140.514 Y115.972 E83.99387 ; infill
G1 X134.102 Y115.972 E84.52502 ; infill
M106 S25.5 ; enable fan
;LAYER_CHANGE
;Z:1.5
;HEIGHT:0.25
;announce new layer <5>
;---
M756 S0.25
M790 ;execute any new layer actions
;---
G1 Z1.5 F1500 ; simple layer change
G1 X133.997 Y116.114 ; travel to first layer point
;TYPE:Perimeter
;WIDTH:0.384999
G1 X133.793 Y115.894 E84.54987 ; perimeter
G1 X133.689 Y115.497 E84.58387 ; perimeter
G1 X133.689 Y109.607 E85.07178 ; perimeter
G1 X133.722 Y109.353 E85.093 ; perimeter
G1 X133.857 Y109.023 E85.12254 ; perimeter
G1 X134.082 Y108.808 E85.14832 ; perimeter
G1 X134.422 Y108.696 E85.17797 ; perimeter
G1 X140.425 Y108.689 E85.67524 ; perimeter
G1 X140.777 Y108.744 E85.70475 ; perimeter
G1 X141.054 Y108.91 E85.7315 ; perimeter
G1 X141.257 Y109.214 E85.76178 ; perimeter
G1 X141.313 Y109.576 E85.79212 ; perimeter
G1 X141.311 Y115.482 E86.28136 ; perimeter
G1 X141.199 Y115.873 E86.31505 ; perimeter
G1 X140.946 Y116.174 E86.34762 ; perimeter
G1 X140.525 Y116.311 E86.38429 ; perimeter
G1 X134.608 Y116.311 E86.87444 ; perimeter
G1 X134.351 Y116.278 E86.8959 ; perimeter
G1 X134.056 Y116.157 E86.92231 ; perimeter
G1 X133.873 Y116.438 ; move to first perimeter point
G1 X133.824 Y116.412 E86.92691 ; perimeter
G1 X133.661 Y116.25 E86.94595 ; perimeter
G1 X133.477 Y115.996 E86.97193 ; perimeter
G1 X133.358 Y115.525 E87.01217 ; perimeter
G1 X133.358 Y109.607 E87.5024 ; perimeter
G1 X133.431 Y109.117 E87.54344 ; perimeter
G1 X133.588 Y108.824 E87.57098 ; perimeter
G1 X133.95 Y108.5 E87.61122 ; perimeter
G1 X134.389 Y108.365 E87.64927 ; perimeter
G1 X140.425 Y108.358 E88.14928 ; perimeter
G1 X140.713 Y108.378 E88.17319 ; perimeter
G1 X141.081 Y108.517 E88.20578 ; perimeter
G1 X141.376 Y108.768 E88.23787 ; perimeter
G1 X141.571 Y109.105 E88.27012 ; perimeter
G1 X141.645 Y109.576 E88.30961 ; perimeter
G1 X141.642 Y115.392 E88.79139 ; perimeter
G1 X141.569 Y115.883 E88.83251 ; perimeter
G1 X141.412 Y116.176 E88.86005 ; perimeter
G1 X141.065 Y116.491 E88.89887 ; perimeter
G1 X140.546 Y116.642 E88.94365 ; perimeter
G1 X134.608 Y116.642 E89.43554 ; perimeter
G1 X134.117 Y116.569 E89.47666 ; perimeter
G1 X133.939 Y116.474 E89.49337 ; perimeter
G1 X133.751 Y116.749 ; move to first perimeter point
G1 X133.624 Y116.681 E89.5053 ; perimeter
G1 X133.306 Y116.363 E89.54255 ; perimeter
G1 X133.147 Y116.065 E89.57053 ; perimeter
G1 X133.026 Y115.554 E89.61403 ; perimeter
G1 X133.026 Y109.607 E90.10666 ; perimeter
G1 X133.115 Y109.005 E90.15707 ; perimeter
G1 X133.319 Y108.624 E90.19287 ; perimeter
G1 X133.637 Y108.306 E90.23012 ; perimeter
G1 X133.872 Y108.173 E90.25249 ; perimeter
G1 X134.356 Y108.033 E90.29423 ; perimeter
G1 X140.563 Y108.026 E90.8084 ; perimeter
G1 X141.07 Y108.14 E90.85145 ; perimeter
G1 X141.495 Y108.412 E90.89325 ; perimeter
G1 X141.803 Y108.811 E90.935 ; perimeter
G1 X141.911 Y109.096 E90.96025 ; perimeter
G1 X141.976 Y109.577 E91.00046 ; perimeter
G1 X141.974 Y115.392 E91.48216 ; perimeter
G1 X141.885 Y115.995 E91.53265 ; perimeter
G1 X141.681 Y116.376 E91.56845 ; perimeter
G1 X141.363 Y116.694 E91.6057 ; perimeter
G1 X140.99 Y116.87 E91.63987 ; perimeter
G1 X140.566 Y116.974 E91.67603 ; perimeter
G1 X134.608 Y116.974 E92.16957 ; perimeter
G1 X134.005 Y116.885 E92.22006 ; perimeter
G1 X133.817 Y116.785 E92.2377 ; perimeter
G1 X133.658 Y117.075 ; move to first perimeter point
;TYPE:External perimeter
G1 X133.425 Y116.95 E92.2596 ; perimeter
G1 X132.968 Y116.449 E92.31577 ; perimeter
G1 X132.772 Y116.026 E92.35439 ; perimeter
G1 X132.695 Y115.583 E92.39164 ; perimeter
G1 X132.695 Y109.42 E92.90217 ; perimeter
G1 X132.8 Y108.892 E92.94676 ; perimeter
G1 X133.05 Y108.425 E92.99064 ; perimeter
G1 X133.429 Y108.045 E93.0351 ; perimeter
G1 X133.82 Y107.836 E93.07183 ; perimeter
G1 X134.323 Y107.702 E93.11495 ; perimeter
G1 X140.582 Y107.695 E93.63343 ; perimeter
G1 X141.002 Y107.773 E93.66882 ; perimeter
G1 X141.43 Y107.951 E93.70722 ; perimeter
G1 X141.805 Y108.257 E93.74731 ; perimeter
G1 X142.095 Y108.65 E93.78777 ; perimeter
G1 X142.244 Y109.063 E93.82414 ; perimeter
G1 X142.307 Y109.577 E93.86704 ; perimeter
G1 X142.305 Y115.58 E94.36431 ; perimeter
G1 X142.2 Y116.108 E94.4089 ; perimeter
G1 X141.95 Y116.575 E94.45278 ; perimeter
G1 X141.464 Y117.022 E94.50748 ; perimeter
G1 X141.006 Y117.216 E94.54868 ; perimeter
G1 X140.586 Y117.305 E94.58424 ; perimeter
G1 X134.42 Y117.305 E95.09501 ; perimeter
G1 X133.892 Y117.2 E95.1396 ; perimeter
G1 X133.724 Y117.111 E95.15535 ; perimeter
G1 X133.32 Y116.816 ; move inwards before travel
G1 X134.02 Y115.877 ; move to first infill point
;TYPE:Internal infill
;WIDTH:0.385
G1 X134.02 Y109.55 E95.67946 ; infill
G1 X134.125 Y109.224 E95.70783 ; infill
G1 X134.352 Y109.05 E95.73152 ; infill
G1 X134.352 Y115.94 E96.30227 ; infill
G1 X134.683 Y115.98 E96.32989 ; infill
G1 X134.683 Y109.027 E96.90586 ; infill
G1 X135.015 Y109.027 E96.93336 ; infill
G1 X135.015 Y115.98 E97.50933 ; infill
G1 X135.346 Y115.98 E97.53675 ; infill
G1 X135.346 Y109.027 E98.11272 ; infill
G1 X135.678 Y109.027 E98.14022 ; infill
G1 X135.678 Y115.98 E98.71619 ; infill
G1 X136.009 Y115.98 E98.74361 ; infill
G1 X136.009 Y109.027 E99.31958 ; infill
G1 X136.341 Y109.027 E99.34708 ; infill
G1 X136.341 Y115.98 E99.92305 ; infill
G1 X136.672 Y115.98 E99.95047 ; infill
G1 X136.672 Y109.027 E100.52644 ; infill
G1 X137.004 Y109.026 E100.55394 ; infill
G1 X137.004 Y115.98 E101.12999 ; infill
G1 X137.335 Y115.98 E101.15741 ; infill
G1 X137.335 Y109.026 E101.73346 ; infill
G1 X137.667 Y109.026 E101.76096 ; infill
G1 X137.667 Y115.98 E102.33701 ; infill
G1 X137.998 Y115.98 E102.36443 ; infill
G1 X137.998 Y109.026 E102.94048 ; infill
G1 X138.33 Y109.026 E102.96798 ; infill
G1 X138.33 Y115.98 E103.54403 ; infill
G1 X138.661 Y115.98 E103.57145 ; infill
G1 X138.661 Y109.026 E104.1475 ; infill
G1 X138.993 Y109.026 E104.175 ; infill
G1 X138.993 Y115.98 E104.75105 ; infill
G1 X139.324 Y115.98 E104.77847 ; infill
G1 X139.324 Y109.026 E105.35452 ; infill
G1 X139.656 Y109.026 E105.38202 ; infill
G1 X139.656 Y115.98 E105.95807 ; infill
G1 X139.987 Y115.98 E105.98549 ; infill
G1 X139.987 Y109.025 E106.56162 ; infill
G1 X140.319 Y109.025 E106.58912 ; infill
G1 X140.319 Y115.98 E107.16525 ; infill
G1 X140.65 Y115.929 E107.19299 ; infill
G1 X140.65 Y109.063 E107.76175 ; infill
G1 X140.859 Y109.189 E107.78197 ; infill
G1 X140.982 Y109.563 E107.81458 ; infill
G1 X140.982 Y115.88 E108.33786 ; infill
;LAYER_CHANGE
;Z:1.75
;HEIGHT:0.25
;announce new layer <6>
;---
M756 S0.25
M790 ;execute any new layer actions
;---
G1 Z1.75 F1500 ; simple layer change
G1 X141.108 Y116.015 ; travel to first layer point
;TYPE:Perimeter
;WIDTH:0.384999
G1 X140.905 Y116.196 E108.36039 ; perimeter
G1 X140.525 Y116.311 E108.39328 ; perimeter
G1 X134.608 Y116.311 E108.88343 ; perimeter
G1 X134.347 Y116.277 E108.90523 ; perimeter
G1 X134.009 Y116.136 E108.93557 ; perimeter
G1 X133.787 Y115.88 E108.96364 ; perimeter
G1 X133.689 Y115.497 E108.99639 ; perimeter
G1 X133.689 Y109.607 E109.4843 ; perimeter
G1 X133.722 Y109.353 E109.50552 ; perimeter
G1 X133.857 Y109.023 E109.53506 ; perimeter
G1 X134.081 Y108.809 E109.56072 ; perimeter
G1 X134.422 Y108.696 E109.59048 ; perimeter
G1 X140.425 Y108.689 E110.08775 ; perimeter
G1 X140.776 Y108.744 E110.11718 ; perimeter
G1 X141.054 Y108.91 E110.144 ; perimeter
G1 X141.257 Y109.214 E110.17428 ; perimeter
G1 X141.313 Y109.576 E110.20462 ; perimeter
G1 X141.311 Y115.392 E110.6864 ; perimeter
G1 X141.277 Y115.654 E110.70829 ; perimeter
G1 X141.151 Y115.955 E110.73532 ; perimeter
G1 X141.428 Y116.12 ; move to first perimeter point
G1 X141.311 Y116.287 E110.75221 ; perimeter
G1 X141.055 Y116.495 E110.77953 ; perimeter
G1 X140.546 Y116.642 E110.82342 ; perimeter
G1 X134.608 Y116.642 E111.31531 ; perimeter
G1 X134.117 Y116.569 E111.35643 ; perimeter
G1 X133.814 Y116.407 E111.38489 ; perimeter
G1 X133.616 Y116.219 E111.40751 ; perimeter
G1 X133.455 Y115.944 E111.43391 ; perimeter
G1 X133.358 Y115.525 E111.46954 ; perimeter
G1 X133.358 Y109.607 E111.95977 ; perimeter
G1 X133.431 Y109.117 E112.00081 ; perimeter
G1 X133.588 Y108.824 E112.02835 ; perimeter
G1 X133.948 Y108.501 E112.06842 ; perimeter
G1 X134.389 Y108.365 E112.10665 ; perimeter
G1 X140.425 Y108.358 E112.60666 ; perimeter
G1 X140.713 Y108.378 E112.63057 ; perimeter
G1 X141.082 Y108.518 E112.66326 ; perimeter
G1 X141.376 Y108.768 E112.69523 ; perimeter
G1 X141.571 Y109.105 E112.72748 ; perimeter
G1 X141.645 Y109.576 E112.76697 ; perimeter
G1 X141.642 Y115.392 E113.24875 ; perimeter
G1 X141.602 Y115.719 E113.27604 ; perimeter
G1 X141.491 Y116.03 E113.30339 ; perimeter
G1 X141.471 Y116.058 E113.30624 ; perimeter
G1 X141.749 Y116.249 ; move to first perimeter point
G1 X141.678 Y116.382 E113.31873 ; perimeter
G1 X141.323 Y116.714 E113.35899 ; perimeter
G1 X140.99 Y116.87 E113.38945 ; perimeter
G1 X140.566 Y116.974 E113.42561 ; perimeter
G1 X134.608 Y116.974 E113.91915 ; perimeter
G1 X134.005 Y116.885 E113.96964 ; perimeter
G1 X133.618 Y116.678 E114.006 ; perimeter
G1 X133.362 Y116.435 E114.03524 ; perimeter
G1 X133.149 Y116.071 E114.07018 ; perimeter
G1 X133.026 Y115.554 E114.1142 ; perimeter
G1 X133.026 Y109.607 E114.60683 ; perimeter
G1 X133.115 Y109.005 E114.65724 ; perimeter
G1 X133.319 Y108.624 E114.69304 ; perimeter
G1 X133.637 Y108.306 E114.73029 ; perimeter
G1 X133.869 Y108.175 E114.75236 ; perimeter
G1 X134.356 Y108.033 E114.79438 ; perimeter
G1 X140.56 Y108.026 E115.3083 ; perimeter
G1 X141.07 Y108.14 E115.35159 ; perimeter
G1 X141.495 Y108.412 E115.39339 ; perimeter
G1 X141.803 Y108.811 E115.43514 ; perimeter
G1 X141.911 Y109.096 E115.46039 ; perimeter
G1 X141.976 Y109.577 E115.5006 ; perimeter
G1 X141.974 Y115.392 E115.9823 ; perimeter
G1 X141.885 Y115.995 E116.03279 ; perimeter
G1 X141.785 Y116.183 E116.05043 ; perimeter
G1 X142.075 Y116.342 ; move to first perimeter point
;TYPE:External perimeter
G1 X141.949 Y116.578 E116.07259 ; perimeter
G1 X141.758 Y116.778 E116.0955 ; perimeter
G1 X141.355 Y117.091 E116.13777 ; perimeter
G1 X141.006 Y117.216 E116.16848 ; perimeter
G1 X140.586 Y117.305 E116.20404 ; perimeter
G1 X134.42 Y117.305 E116.71481 ; perimeter
G1 X133.892 Y117.2 E116.7594 ; perimeter
G1 X133.422 Y116.949 E116.80354 ; perimeter
G1 X133.252 Y116.788 E116.82294 ; perimeter
G1 X133 Y116.49 E116.85527 ; perimeter
G1 X132.772 Y116.026 E116.8981 ; perimeter
G1 X132.695 Y115.583 E116.93535 ; perimeter
G1 X132.695 Y109.42 E117.44588 ; perimeter
G1 X132.8 Y108.892 E117.49047 ; perimeter
G1 X133.05 Y108.425 E117.53435 ; perimeter
G1 X133.429 Y108.045 E117.57881 ; perimeter
G1 X133.819 Y107.836 E117.61546 ; perimeter
G1 X134.323 Y107.702 E117.65866 ; perimeter
G1 X140.58 Y107.695 E118.17697 ; perimeter
G1 X141.003 Y107.774 E118.21262 ; perimeter
G1 X141.432 Y107.953 E118.25113 ; perimeter
G1 X141.805 Y108.257 E118.29099 ; perimeter
G1 X142.095 Y108.65 E118.33145 ; perimeter
G1 X142.244 Y109.063 E118.36782 ; perimeter
G1 X142.307 Y109.577 E118.41072 ; perimeter
G1 X142.305 Y115.58 E118.90799 ; perimeter
G1 X142.2 Y116.108 E118.95258 ; perimeter
G1 X142.111 Y116.276 E118.96833 ; perimeter
G1 X141.828 Y116.688 ; move inwards before travel
G1 X140.896 Y109.033 ; move to first infill point
;TYPE:Internal infill
;WIDTH:0.385
G1 X134.426 Y109.033 E119.50429 ; infill
G1 X134.271 Y109.084 E119.51781 ; infill
G1 X134.054 Y109.38 E119.54821 ; infill
G1 X140.951 Y109.38 E120.11954 ; infill
G1 X140.982 Y109.727 E120.1484 ; infill
G1 X134.02 Y109.727 E120.72511 ; infill
G1 X134.02 Y110.074 E120.75385 ; infill
G1 X140.982 Y110.074 E121.33056 ; infill
G1 X140.982 Y110.421 E121.3593 ; infill
G1 X134.02 Y110.421 E121.93601 ; infill
G1 X134.02 Y110.768 E121.96475 ; infill
G1 X140.982 Y110.768 E122.54146 ; infill
G1 X140.981 Y111.115 E122.5702 ; infill
G1 X134.02 Y111.115 E123.14683 ; infill
G1 X134.02 Y111.462 E123.17557 ; infill
G1 X140.981 Y111.462 E123.7522 ; infill
G1 X140.981 Y111.809 E123.78094 ; infill
G1 X134.02 Y111.809 E124.35757 ; infill
G1 X134.02 Y112.156 E124.38631 ; infill
G1 X140.981 Y112.156 E124.96294 ; infill
G1 X140.981 Y112.502 E124.9916 ; infill
G1 X134.02 Y112.502 E125.56823 ; infill
G1 X134.02 Y112.849 E125.59697 ; infill
G1 X140.981 Y112.849 E126.1736 ; infill
G1 X140.981 Y113.196 E126.20234 ; infill
G1 X134.02 Y113.196 E126.77897 ; infill
G1 X134.02 Y113.543 E126.80771 ; infill
G1 X140.981 Y113.543 E127.38434 ; infill
G1 X140.98 Y113.89 E127.41308 ; infill
G1 X134.02 Y113.89 E127.98963 ; infill
G1 X134.02 Y114.237 E128.01837 ; infill
G1 X140.98 Y114.237 E128.59492 ; infill
G1 X140.98 Y114.584 E128.62366 ; infill
G1 X134.02 Y114.584 E129.20021 ; infill
G1 X134.02 Y114.931 E129.22895 ; infill
G1 X140.98 Y114.931 E129.8055 ; infill
G1 X140.98 Y115.278 E129.83424 ; infill
G1 X134.02 Y115.278 E130.41079 ; infill
G1 X134.047 Y115.625 E130.43962 ; infill
G1 X140.945 Y115.625 E131.01103 ; infill
G1 X140.868 Y115.789 E131.02604 ; infill
G1 X140.745 Y115.9 E131.03976 ; infill
G1 X140.515 Y115.972 E131.05972 ; infill
G1 X134.101 Y115.972 E131.59104 ; infill
;LAYER_CHANGE
;Z:2
;HEIGHT:0.25
;announce new layer <7>
;---
M756 S0.25
M790 ;execute any new layer actions
;---
G1 Z2 F1500 ; simple layer change
G1 X133.995 Y116.119 ; travel to first layer point
;TYPE:Perimeter
;WIDTH:0.384999
G1 X133.788 Y115.881 E131.61717 ; perimeter
G1 X133.689 Y115.497 E131.65002 ; perimeter
G1 X133.689 Y109.607 E132.13793 ; perimeter
G1 X133.722 Y109.353 E132.15915 ; perimeter
G1 X133.857 Y109.023 E132.18869 ; perimeter
G1 X134.08 Y108.809 E132.21429 ; perimeter
G1 X134.422 Y108.696 E132.24413 ; perimeter
G1 X140.518 Y108.689 E132.74911 ; perimeter
G1 X140.866 Y108.78 E132.77891 ; perimeter
G1 X141.113 Y108.979 E132.80519 ; perimeter
G1 X141.262 Y109.239 E132.83001 ; perimeter
G1 X141.313 Y109.658 E132.86497 ; perimeter
G1 X141.311 Y115.392 E133.33996 ; perimeter
G1 X141.254 Y115.77 E133.37163 ; perimeter
G1 X141.06 Y116.06 E133.40053 ; perimeter
G1 X140.814 Y116.24 E133.42578 ; perimeter
G1 X140.509 Y116.311 E133.45172 ; perimeter
G1 X134.608 Y116.311 E133.94054 ; perimeter
G1 X134.347 Y116.277 E133.96234 ; perimeter
G1 X134.058 Y116.156 E133.98829 ; perimeter
G1 X133.873 Y116.438 ; move to first perimeter point
G1 X133.814 Y116.407 E133.99381 ; perimeter
G1 X133.613 Y116.215 E134.01684 ; perimeter
G1 X133.456 Y115.945 E134.04271 ; perimeter
G1 X133.358 Y115.525 E134.07844 ; perimeter
G1 X133.358 Y109.607 E134.56867 ; perimeter
G1 X133.431 Y109.117 E134.60971 ; perimeter
G1 X133.588 Y108.824 E134.63725 ; perimeter
G1 X133.946 Y108.502 E134.67714 ; perimeter
G1 X134.389 Y108.365 E134.71555 ; perimeter
G1 X140.344 Y108.358 E135.20885 ; perimeter
G1 X140.714 Y108.379 E135.23955 ; perimeter
G1 X141.084 Y108.519 E135.27232 ; perimeter
G1 X141.419 Y108.822 E135.30974 ; perimeter
G1 X141.584 Y109.15 E135.34015 ; perimeter
G1 X141.645 Y109.658 E135.38253 ; perimeter
G1 X141.642 Y115.392 E135.85752 ; perimeter
G1 X141.569 Y115.883 E135.89864 ; perimeter
G1 X141.412 Y116.176 E135.92618 ; perimeter
G1 X141.169 Y116.419 E135.95465 ; perimeter
G1 X140.917 Y116.562 E135.97865 ; perimeter
G1 X140.534 Y116.642 E136.01106 ; perimeter
G1 X134.608 Y116.642 E136.50195 ; perimeter
G1 X134.117 Y116.569 E136.54307 ; perimeter
G1 X133.939 Y116.474 E136.55978 ; perimeter
G1 X133.751 Y116.749 ; move to first perimeter point
G1 X133.618 Y116.678 E136.57227 ; perimeter
G1 X133.358 Y116.43 E136.60203 ; perimeter
G1 X133.149 Y116.072 E136.63637 ; perimeter
G1 X133.026 Y115.554 E136.68047 ; perimeter
G1 X133.026 Y109.607 E137.1731 ; perimeter
G1 X133.115 Y109.005 E137.22351 ; perimeter
G1 X133.319 Y108.624 E137.25931 ; perimeter
G1 X133.637 Y108.305 E137.29662 ; perimeter
G1 X133.946 Y108.143 E137.32552 ; perimeter
G1 X134.356 Y108.033 E137.36068 ; perimeter
G1 X140.558 Y108.026 E137.87444 ; perimeter
G1 X141.069 Y108.14 E137.91781 ; perimeter
G1 X141.344 Y108.299 E137.94412 ; perimeter
G1 X141.683 Y108.62 E137.98279 ; perimeter
G1 X141.906 Y109.061 E138.02373 ; perimeter
G1 X141.976 Y109.658 E138.07352 ; perimeter
G1 X141.974 Y115.392 E138.54851 ; perimeter
G1 X141.885 Y115.995 E138.599 ; perimeter
G1 X141.681 Y116.376 E138.6348 ; perimeter
G1 X141.372 Y116.686 E138.67106 ; perimeter
G1 X141.053 Y116.866 E138.7014 ; perimeter
G1 X140.559 Y116.974 E138.74329 ; perimeter
G1 X134.608 Y116.974 E139.23625 ; perimeter
G1 X134.005 Y116.885 E139.28674 ; perimeter
G1 X133.817 Y116.785 E139.30438 ; perimeter
G1 X133.658 Y117.075 ; move to first perimeter point
;TYPE:External perimeter
G1 X133.422 Y116.949 E139.32654 ; perimeter
G1 X133.251 Y116.786 E139.34611 ; perimeter
G1 X132.999 Y116.489 E139.37838 ; perimeter
G1 X132.772 Y116.026 E139.4211 ; perimeter
G1 X132.695 Y115.582 E139.45843 ; perimeter
G1 X132.695 Y109.42 E139.96887 ; perimeter
G1 X132.8 Y108.892 E140.01346 ; perimeter
G1 X133.05 Y108.425 E140.05734 ; perimeter
G1 X133.429 Y108.045 E140.1018 ; perimeter
G1 X133.818 Y107.837 E140.13834 ; perimeter
G1 X134.323 Y107.702 E140.18164 ; perimeter
G1 X140.343 Y107.695 E140.68032 ; perimeter
G1 X140.85 Y107.728 E140.72241 ; perimeter
G1 X141.315 Y107.893 E140.76328 ; perimeter
G1 X141.713 Y108.161 E140.80303 ; perimeter
G1 X142.019 Y108.531 E140.8428 ; perimeter
G1 X142.227 Y108.972 E140.88319 ; perimeter
G1 X142.307 Y109.658 E140.9404 ; perimeter
G1 X142.305 Y115.58 E141.43096 ; perimeter
G1 X142.2 Y116.108 E141.47555 ; perimeter
G1 X141.95 Y116.575 E141.51943 ; perimeter
G1 X141.574 Y116.952 E141.56354 ; perimeter
G1 X141.061 Y117.213 E141.61122 ; perimeter
G1 X140.584 Y117.305 E141.65146 ; perimeter
G1 X134.42 Y117.305 E142.16207 ; perimeter
G1 X133.892 Y117.2 E142.20666 ; perimeter
G1 X133.724 Y117.111 E142.22241 ; perimeter
G1 X133.312 Y116.828 ; move inwards before travel
G1 X134.02 Y115.894 ; move to first infill point
;TYPE:Internal infill
;WIDTH:0.385
G1 X134.02 Y109.55 E142.74793 ; infill
G1 X134.125 Y109.224 E142.7763 ; infill
G1 X134.352 Y109.05 E142.79999 ; infill
G1 X134.352 Y115.94 E143.37074 ; infill
G1 X134.683 Y115.98 E143.39836 ; infill
G1 X134.683 Y109.027 E143.97433 ; infill
G1 X135.015 Y109.027 E144.00183 ; infill
G1 X135.015 Y115.98 E144.5778 ; infill
G1 X135.346 Y115.98 E144.60522 ; infill
G1 X135.346 Y109.027 E145.18119 ; infill
G1 X135.678 Y109.027 E145.20869 ; infill
G1 X135.678 Y115.98 E145.78466 ; infill
G1 X136.009 Y115.98 E145.81208 ; infill
G1 X136.009 Y109.027 E146.38805 ; infill
G1 X136.341 Y109.027 E146.41555 ; infill
G1 X136.341 Y115.98 E146.99152 ; infill
G1 X136.672 Y115.98 E147.01894 ; infill
G1 X136.672 Y109.026 E147.59499 ; infill
G1 X137.004 Y109.026 E147.62249 ; infill
G1 X137.004 Y115.98 E148.19854 ; infill
G1 X137.335 Y115.98 E148.22596 ; infill
G1 X137.335 Y109.026 E148.80201 ; infill
G1 X137.667 Y109.026 E148.82951 ; infill
G1 X137.667 Y115.98 E149.40556 ; infill
G1 X137.998 Y115.98 E149.43298 ; infill
G1 X137.998 Y109.026 E150.00903 ; infill
G1 X138.33 Y109.026 E150.03653 ; infill
G1 X138.33 Y115.98 E150.61258 ; infill
G1 X138.661 Y115.98 E150.64 ; infill
G1 X138.661 Y109.026 E151.21605 ; infill
G1 X138.993 Y109.026 E151.24355 ; infill
G1 X138.993 Y115.98 E151.8196 ; infill
G1 X139.324 Y115.98 E151.84702 ; infill
G1 X139.324 Y109.025 E152.42315 ; infill
G1 X139.656 Y109.025 E152.45065 ; infill
G1 X139.656 Y115.98 E153.02678 ; infill
G1 X139.987 Y115.98 E153.0542 ; infill
G1 X139.987 Y109.025 E153.63033 ; infill
G1 X140.319 Y109.025 E153.65783 ; infill
G1 X140.319 Y115.98 E154.23396 ; infill
G1 X140.65 Y115.949 E154.2615 ; infill
G1 X140.65 Y109.064 E154.83184 ; infill
G1 X140.884 Y109.22 E154.85514 ; infill
G1 X140.982 Y109.61 E154.88845 ; infill
G1 X140.982 Y115.88 E155.40784 ; infill
;LAYER_CHANGE
;Z:2.25
;HEIGHT:0.25
;announce new layer <8>
;---
M756 S0.25
M790 ;execute any new layer actions
;---
G1 Z2.25 F1500 ; simple layer change
G1 X141.099 Y115.992 ; travel to first layer point
;TYPE:Perimeter
;WIDTH:0.384999
G1 X140.946 Y116.174 E155.42754 ; perimeter
G1 X140.525 Y116.311 E155.46421 ; perimeter
G1 X134.608 Y116.311 E155.95436 ; perimeter
G1 X134.346 Y116.277 E155.97625 ; perimeter
G1 X134.009 Y116.135 E156.00654 ; perimeter
G1 X133.803 Y115.902 E156.0323 ; perimeter
G1 X133.689 Y115.525 E156.06493 ; perimeter
G1 X133.689 Y109.607 E156.55516 ; perimeter
G1 X133.723 Y109.348 E156.5768 ; perimeter
G1 X133.865 Y109.009 E156.60725 ; perimeter
G1 X134.121 Y108.787 E156.63532 ; perimeter
G1 X134.422 Y108.696 E156.66137 ; perimeter
G1 X140.425 Y108.689 E157.15864 ; perimeter
G1 X140.747 Y108.735 E157.18558 ; perimeter
G1 X141.041 Y108.9 E157.21351 ; perimeter
G1 X141.267 Y109.256 E157.24844 ; perimeter
G1 X141.313 Y109.576 E157.27522 ; perimeter
G1 X141.311 Y115.482 E157.76446 ; perimeter
G1 X141.199 Y115.873 E157.79815 ; perimeter
G1 X141.147 Y115.934 E157.80479 ; perimeter
G1 X141.438 Y116.127 ; move to first perimeter point
G1 X141.412 Y116.176 E157.80939 ; perimeter
G1 X141.065 Y116.491 E157.84821 ; perimeter
G1 X140.546 Y116.642 E157.89299 ; perimeter
G1 X134.608 Y116.642 E158.38488 ; perimeter
G1 X134.281 Y116.602 E158.41217 ; perimeter
G1 X133.97 Y116.491 E158.43952 ; perimeter
G1 X133.714 Y116.313 E158.46535 ; perimeter
G1 X133.505 Y116.053 E158.49298 ; perimeter
G1 X133.358 Y115.546 E158.53671 ; perimeter
G1 X133.358 Y109.607 E159.02868 ; perimeter
G1 X133.398 Y109.284 E159.05564 ; perimeter
G1 X133.511 Y108.968 E159.08344 ; perimeter
G1 X133.694 Y108.707 E159.10985 ; perimeter
G1 X133.964 Y108.493 E159.13839 ; perimeter
G1 X134.389 Y108.365 E159.17516 ; perimeter
G1 X140.614 Y108.367 E159.69082 ; perimeter
G1 X141.017 Y108.485 E159.72561 ; perimeter
G1 X141.326 Y108.721 E159.75782 ; perimeter
G1 X141.579 Y109.135 E159.79801 ; perimeter
G1 X141.645 Y109.576 E159.83495 ; perimeter
G1 X141.642 Y115.392 E160.31673 ; perimeter
G1 X141.569 Y115.883 E160.35785 ; perimeter
G1 X141.474 Y116.061 E160.37456 ; perimeter
G1 X141.748 Y116.252 ; move to first perimeter point
G1 X141.681 Y116.376 E160.38624 ; perimeter
G1 X141.363 Y116.694 E160.42349 ; perimeter
G1 X140.99 Y116.87 E160.45766 ; perimeter
G1 X140.566 Y116.974 E160.49382 ; perimeter
G1 X134.608 Y116.974 E160.98736 ; perimeter
G1 X134.005 Y116.885 E161.03785 ; perimeter
G1 X133.618 Y116.678 E161.07421 ; perimeter
G1 X133.291 Y116.328 E161.11389 ; perimeter
G1 X133.13 Y115.99 E161.1449 ; perimeter
G1 X133.026 Y115.566 E161.18106 ; perimeter
G1 X133.026 Y109.607 E161.67469 ; perimeter
G1 X133.115 Y109.005 E161.7251 ; perimeter
G1 X133.322 Y108.618 E161.76146 ; perimeter
G1 X133.562 Y108.365 E161.79035 ; perimeter
G1 X133.936 Y108.146 E161.82625 ; perimeter
G1 X134.356 Y108.033 E161.86228 ; perimeter
G1 X140.424 Y108.026 E162.36494 ; perimeter
G1 X140.782 Y108.053 E162.39468 ; perimeter
G1 X141.261 Y108.238 E162.43722 ; perimeter
G1 X141.571 Y108.498 E162.47074 ; perimeter
G1 X141.779 Y108.807 E162.5016 ; perimeter
G1 X141.931 Y109.177 E162.53474 ; perimeter
G1 X141.976 Y109.577 E162.56808 ; perimeter
G1 X141.974 Y115.392 E163.04978 ; perimeter
G1 X141.885 Y115.995 E163.10027 ; perimeter
G1 X141.783 Y116.186 E163.11821 ; perimeter
G1 X142.074 Y116.344 ; move to first perimeter point
;TYPE:External perimeter
G1 X141.95 Y116.575 E163.13993 ; perimeter
G1 X141.464 Y117.022 E163.19463 ; perimeter
G1 X141.006 Y117.216 E163.23583 ; perimeter
G1 X140.586 Y117.305 E163.27139 ; perimeter
G1 X134.42 Y117.305 E163.78216 ; perimeter
G1 X133.892 Y117.2 E163.82675 ; perimeter
G1 X133.422 Y116.949 E163.87089 ; perimeter
G1 X133.11 Y116.653 E163.90652 ; perimeter
G1 X132.909 Y116.355 E163.9363 ; perimeter
G1 X132.784 Y116.006 E163.96701 ; perimeter
G1 X132.695 Y115.586 E164.00257 ; perimeter
G1 X132.695 Y109.42 E164.51334 ; perimeter
G1 X132.8 Y108.892 E164.55793 ; perimeter
G1 X133.051 Y108.422 E164.60207 ; perimeter
G1 X133.347 Y108.11 E164.6377 ; perimeter
G1 X133.816 Y107.837 E164.68265 ; perimeter
G1 X134.323 Y107.702 E164.72611 ; perimeter
G1 X140.424 Y107.695 E165.2315 ; perimeter
G1 X140.693 Y107.709 E165.25381 ; perimeter
G1 X141.193 Y107.832 E165.29646 ; perimeter
G1 X141.589 Y108.069 E165.33469 ; perimeter
G1 X141.949 Y108.421 E165.3764 ; perimeter
G1 X142.202 Y108.895 E165.42091 ; perimeter
G1 X142.252 Y109.097 E165.43815 ; perimeter
G1 X142.307 Y109.577 E165.47817 ; perimeter
G1 X142.305 Y115.58 E165.97544 ; perimeter
G1 X142.2 Y116.108 E166.02003 ; perimeter
G1 X142.11 Y116.278 E166.03596 ; perimeter
G1 X141.815 Y116.682 ; move inwards before travel
G1 X140.898 Y109.033 ; move to first infill point
;TYPE:Internal infill
;WIDTH:0.385
G1 X134.445 Y109.033 E166.57051 ; infill
G1 X134.208 Y109.128 E166.59166 ; infill
G1 X134.054 Y109.38 E166.61612 ; infill
G1 X140.954 Y109.38 E167.1877 ; infill
G1 X140.982 Y109.727 E167.21654 ; infill
G1 X134.02 Y109.727 E167.79325 ; infill
G1 X134.02 Y110.074 E167.82199 ; infill
G1 X140.982 Y110.074 E168.3987 ; infill
G1 X140.982 Y110.421 E168.42744 ; infill
G1 X134.02 Y110.421 E169.00415 ; infill
G1 X134.02 Y110.767 E169.03281 ; infill
G1 X140.982 Y110.767 E169.60952 ; infill
G1 X140.981 Y111.114 E169.63826 ; infill
G1 X134.02 Y111.114 E170.21489 ; infill
G1 X134.02 Y111.461 E170.24363 ; infill
G1 X140.981 Y111.461 E170.82026 ; infill
G1 X140.981 Y111.808 E170.849 ; infill
G1 X134.02 Y111.808 E171.42563 ; infill
G1 X134.02 Y112.155 E171.45437 ; infill
G1 X140.981 Y112.155 E172.031 ; infill
G1 X140.981 Y112.502 E172.05974 ; infill
G1 X134.02 Y112.502 E172.63637 ; infill
G1 X134.02 Y112.849 E172.66511 ; infill
G1 X140.981 Y112.849 E173.24174 ; infill
G1 X140.981 Y113.196 E173.27048 ; infill
G1 X134.02 Y113.196 E173.84711 ; infill
G1 X134.02 Y113.543 E173.87585 ; infill
G1 X140.981 Y113.543 E174.45248 ; infill
G1 X140.98 Y113.89 E174.48122 ; infill
G1 X134.02 Y113.89 E175.05777 ; infill
G1 X134.02 Y114.237 E175.08651 ; infill
G1 X140.98 Y114.237 E175.66306 ; infill
G1 X140.98 Y114.584 E175.6918 ; infill
G1 X134.02 Y114.584 E176.26835 ; infill
G1 X134.02 Y114.931 E176.29709 ; infill
G1 X140.98 Y114.931 E176.87364 ; infill
G1 X140.98 Y115.278 E176.90238 ; infill
G1 X134.02 Y115.278 E177.47893 ; infill
G1 X134.062 Y115.625 E177.50788 ; infill
G1 X140.945 Y115.625 E178.07805 ; infill
G1 X140.755 Y115.896 E178.10547 ; infill
G1 X140.514 Y115.972 E178.1264 ; infill
G1 X134.104 Y115.972 E178.65739 ; infill
;LAYER_CHANGE
;Z:2.5
;HEIGHT:0.25
;announce new layer <9>
;---
M756 S0.25
M790 ;execute any new layer actions
;---
G1 Z2.5 F1500 ; simple layer change
G1 X133.994 Y116.118 ; travel to first layer point
;TYPE:Perimeter
;WIDTH:0.384999
G1 X133.787 Y115.878 E178.68364 ; perimeter
G1 X133.689 Y115.497 E178.71623 ; perimeter
G1 X133.689 Y109.607 E179.20414 ; perimeter
G1 X133.723 Y109.348 E179.22578 ; perimeter
G1 X133.865 Y109.008 E179.2563 ; perimeter
G1 X134.122 Y108.787 E179.28438 ; perimeter
G1 X134.422 Y108.696 E179.31035 ; perimeter
G1 X140.425 Y108.689 E179.80762 ; perimeter
G1 X140.77 Y108.742 E179.83653 ; perimeter
G1 X141.053 Y108.909 E179.86375 ; perimeter
G1 X141.257 Y109.214 E179.89415 ; perimeter
G1 X141.313 Y109.576 E179.92449 ; perimeter
G1 X141.311 Y115.392 E180.40627 ; perimeter
G1 X141.277 Y115.655 E180.42824 ; perimeter
G1 X141.13 Y116.002 E180.45946 ; perimeter
G1 X140.891 Y116.201 E180.48522 ; perimeter
G1 X140.525 Y116.311 E180.51688 ; perimeter
G1 X134.608 Y116.311 E181.00703 ; perimeter
G1 X134.347 Y116.277 E181.02883 ; perimeter
G1 X134.057 Y116.155 E181.05489 ; perimeter
G1 X133.88 Y116.428 ; move to first perimeter point
G1 X133.62 Y116.224 E181.08227 ; perimeter
G1 X133.455 Y115.943 E181.10926 ; perimeter
G1 X133.358 Y115.525 E181.14481 ; perimeter
G1 X133.358 Y109.607 E181.63504 ; perimeter
G1 X133.398 Y109.284 E181.662 ; perimeter
G1 X133.511 Y108.968 E181.6898 ; perimeter
G1 X133.693 Y108.707 E181.71616 ; perimeter
G1 X133.964 Y108.493 E181.74476 ; perimeter
G1 X134.389 Y108.365 E181.78153 ; perimeter
G1 X140.425 Y108.357 E182.28154 ; perimeter
G1 X140.714 Y108.379 E182.30555 ; perimeter
G1 X141.088 Y108.522 E182.33872 ; perimeter
G1 X141.376 Y108.768 E182.3701 ; perimeter
G1 X141.571 Y109.105 E182.40235 ; perimeter
G1 X141.645 Y109.576 E182.44184 ; perimeter
G1 X141.642 Y115.392 E182.92362 ; perimeter
G1 X141.569 Y115.883 E182.96474 ; perimeter
G1 X141.334 Y116.27 E183.00225 ; perimeter
G1 X141.046 Y116.498 E183.03268 ; perimeter
G1 X140.546 Y116.642 E183.07578 ; perimeter
G1 X134.608 Y116.642 E183.56767 ; perimeter
G1 X134.117 Y116.569 E183.60879 ; perimeter
G1 X133.939 Y116.474 E183.6255 ; perimeter
G1 X133.751 Y116.749 ; move to first perimeter point
G1 X133.618 Y116.678 E183.63799 ; perimeter
G1 X133.366 Y116.44 E183.6667 ; perimeter
G1 X133.149 Y116.07 E183.70223 ; perimeter
G1 X133.026 Y115.554 E183.74617 ; perimeter
G1 X133.026 Y109.607 E184.2388 ; perimeter
G1 X133.115 Y109.005 E184.28921 ; perimeter
G1 X133.322 Y108.618 E184.32557 ; perimeter
G1 X133.56 Y108.366 E184.35428 ; perimeter
G1 X133.938 Y108.146 E184.39051 ; perimeter
G1 X134.356 Y108.033 E184.42638 ; perimeter
G1 X140.553 Y108.026 E184.93972 ; perimeter
G1 X141.069 Y108.14 E184.98349 ; perimeter
G1 X141.494 Y108.411 E185.02524 ; perimeter
G1 X141.803 Y108.811 E185.06711 ; perimeter
G1 X141.911 Y109.096 E185.09236 ; perimeter
G1 X141.976 Y109.577 E185.13257 ; perimeter
G1 X141.974 Y115.392 E185.61427 ; perimeter
G1 X141.885 Y115.995 E185.66476 ; perimeter
G1 X141.783 Y116.186 E185.6827 ; perimeter
G1 X141.58 Y116.493 E185.71319 ; perimeter
G1 X141.2 Y116.795 E185.7534 ; perimeter
G1 X140.991 Y116.87 E185.77179 ; perimeter
G1 X140.566 Y116.974 E185.80803 ; perimeter
G1 X134.608 Y116.974 E186.30157 ; perimeter
G1 X134.005 Y116.885 E186.35206 ; perimeter
G1 X133.817 Y116.785 E186.3697 ; perimeter
G1 X133.658 Y117.075 ; move to first perimeter point
;TYPE:External perimeter
G1 X133.422 Y116.949 E186.39186 ; perimeter
G1 X133.253 Y116.789 E186.41114 ; perimeter
G1 X133 Y116.49 E186.44359 ; perimeter
G1 X132.772 Y116.026 E186.48642 ; perimeter
G1 X132.695 Y115.582 E186.52375 ; perimeter
G1 X132.695 Y109.42 E187.03419 ; perimeter
G1 X132.8 Y108.892 E187.07878 ; perimeter
G1 X133.051 Y108.422 E187.12292 ; perimeter
G1 X133.345 Y108.112 E187.15831 ; perimeter
G1 X133.816 Y107.837 E187.20349 ; perimeter
G1 X134.323 Y107.702 E187.24695 ; perimeter
G1 X140.572 Y107.695 E187.7646 ; perimeter
G1 X141.005 Y107.775 E187.80108 ; perimeter
G1 X141.439 Y107.957 E187.84006 ; perimeter
G1 X141.804 Y108.256 E187.87915 ; perimeter
G1 X142.095 Y108.65 E187.91972 ; perimeter
G1 X142.248 Y109.08 E187.95753 ; perimeter
G1 X142.307 Y109.577 E187.99899 ; perimeter
G1 X142.305 Y115.58 E188.49626 ; perimeter
G1 X142.2 Y116.108 E188.54085 ; perimeter
G1 X141.949 Y116.579 E188.58506 ; perimeter
G1 X141.714 Y116.837 E188.61397 ; perimeter
G1 X141.354 Y117.091 E188.65047 ; perimeter
G1 X141.006 Y117.216 E188.6811 ; perimeter
G1 X140.586 Y117.305 E188.71666 ; perimeter
G1 X134.42 Y117.305 E189.22743 ; perimeter
G1 X133.892 Y117.2 E189.27202 ; perimeter
G1 X133.724 Y117.111 E189.28777 ; perimeter
G1 X133.311 Y116.829 ; move inwards before travel
G1 X134.02 Y115.896 ; move to first infill point
;TYPE:Internal infill
;WIDTH:0.385
G1 X134.02 Y109.55 E189.81346 ; infill
G1 X134.136 Y109.204 E189.84369 ; infill
G1 X134.352 Y109.061 E189.86515 ; infill
G1 X134.352 Y115.94 E190.43499 ; infill
G1 X134.683 Y115.98 E190.46261 ; infill
G1 X134.683 Y109.027 E191.03858 ; infill
G1 X135.015 Y109.027 E191.06608 ; infill
G1 X135.015 Y115.98 E191.64205 ; infill
G1 X135.346 Y115.98 E191.66947 ; infill
G1 X135.346 Y109.027 E192.24544 ; infill
G1 X135.678 Y109.027 E192.27294 ; infill
G1 X135.678 Y115.98 E192.84891 ; infill
G1 X136.009 Y115.98 E192.87633 ; infill
G1 X136.009 Y109.027 E193.4523 ; infill
G1 X136.341 Y109.027 E193.4798 ; infill
G1 X136.341 Y115.98 E194.05577 ; infill
G1 X136.672 Y115.98 E194.08319 ; infill
G1 X136.672 Y109.026 E194.65924 ; infill
G1 X137.004 Y109.026 E194.68674 ; infill
G1 X137.004 Y115.98 E195.26279 ; infill
G1 X137.335 Y115.98 E195.29021 ; infill
G1 X137.335 Y109.026 E195.86626 ; infill
G1 X137.667 Y109.026 E195.89376 ; infill
G1 X137.667 Y115.98 E196.46981 ; infill
G1 X137.998 Y115.98 E196.49723 ; infill
G1 X137.998 Y109.026 E197.07328 ; infill
G1 X138.33 Y109.026 E197.10078 ; infill
G1 X138.33 Y115.98 E197.67683 ; infill
G1 X138.661 Y115.98 E197.70425 ; infill
G1 X138.661 Y109.026 E198.2803 ; infill
G1 X138.993 Y109.025 E198.3078 ; infill
G1 X138.993 Y115.98 E198.88393 ; infill
G1 X139.324 Y115.98 E198.91135 ; infill
G1 X139.324 Y109.025 E199.48748 ; infill
G1 X139.656 Y109.025 E199.51498 ; infill
G1 X139.656 Y115.98 E200.09111 ; infill
G1 X139.987 Y115.98 E200.11853 ; infill
G1 X139.987 Y109.025 E200.69466 ; infill
G1 X140.319 Y109.025 E200.72216 ; infill
G1 X140.319 Y115.98 E201.29829 ; infill
G1 X140.65 Y115.93 E201.32602 ; infill
G1 X140.65 Y109.056 E201.89544 ; infill
G1 X140.861 Y109.193 E201.91628 ; infill
G1 X140.982 Y109.563 E201.94853 ; infill
G1 X140.982 Y115.892 E202.47281 ; infill
;LAYER_CHANGE
;Z:2.75
;HEIGHT:0.25
;announce new layer <10>
;---
M756 S0.25
M790 ;execute any new layer actions
;---
G1 Z2.75 F1500 ; simple layer change
G1 X141.092 Y116 ; travel to first layer point
;TYPE:Perimeter
;WIDTH:0.384999
G1 X140.946 Y116.174 E202.49163 ; perimeter
G1 X140.525 Y116.311 E202.5283 ; perimeter
G1 X134.608 Y116.311 E203.01845 ; perimeter
G1 X134.347 Y116.277 E203.04025 ; perimeter
G1 X134.008 Y116.135 E203.0707 ; perimeter
G1 X133.786 Y115.878 E203.09883 ; perimeter
G1 X133.689 Y115.497 E203.1314 ; perimeter
G1 X133.689 Y109.607 E203.61931 ; perimeter
G1 X133.722 Y109.353 E203.64053 ; perimeter
G1 X133.857 Y109.023 E203.67007 ; perimeter
G1 X134.077 Y108.811 E203.69538 ; perimeter
G1 X134.422 Y108.696 E203.7255 ; perimeter
G1 X140.425 Y108.689 E204.22277 ; perimeter
G1 X140.78 Y108.745 E204.25254 ; perimeter
G1 X141.054 Y108.91 E204.27904 ; perimeter
G1 X141.257 Y109.214 E204.30932 ; perimeter
G1 X141.313 Y109.576 E204.33966 ; perimeter
G1 X141.311 Y115.482 E204.8289 ; perimeter
G1 X141.199 Y115.873 E204.86259 ; perimeter
G1 X141.141 Y115.942 E204.87006 ; perimeter
G1 X141.438 Y116.127 ; move to first perimeter point
G1 X141.412 Y116.176 E204.87466 ; perimeter
G1 X141.065 Y116.491 E204.91348 ; perimeter
G1 X140.546 Y116.642 E204.95826 ; perimeter
G1 X134.608 Y116.642 E205.45015 ; perimeter
G1 X134.117 Y116.569 E205.49127 ; perimeter
G1 X133.939 Y116.474 E205.50798 ; perimeter
G1 X133.622 Y116.226 E205.54132 ; perimeter
G1 X133.455 Y115.942 E205.56861 ; perimeter
G1 X133.358 Y115.525 E205.60408 ; perimeter
G1 X133.358 Y109.607 E206.09431 ; perimeter
G1 X133.431 Y109.117 E206.13535 ; perimeter
G1 X133.588 Y108.824 E206.16289 ; perimeter
G1 X133.94 Y108.505 E206.20224 ; perimeter
G1 X134.389 Y108.365 E206.2412 ; perimeter
G1 X140.425 Y108.357 E206.74121 ; perimeter
G1 X140.715 Y108.379 E206.7653 ; perimeter
G1 X141.078 Y108.515 E206.79741 ; perimeter
G1 X141.376 Y108.768 E206.82979 ; perimeter
G1 X141.571 Y109.105 E206.86204 ; perimeter
G1 X141.645 Y109.576 E206.90153 ; perimeter
G1 X141.642 Y115.392 E207.38331 ; perimeter
G1 X141.569 Y115.883 E207.42443 ; perimeter
G1 X141.474 Y116.061 E207.44114 ; perimeter
G1 X141.745 Y116.256 ; move to first perimeter point
G1 X141.681 Y116.376 E207.45241 ; perimeter
G1 X141.363 Y116.694 E207.48966 ; perimeter
G1 X140.99 Y116.87 E207.52383 ; perimeter
G1 X140.566 Y116.974 E207.55999 ; perimeter
G1 X134.608 Y116.974 E208.05353 ; perimeter
G1 X134.005 Y116.885 E208.10402 ; perimeter
G1 X133.617 Y116.678 E208.14045 ; perimeter
G1 X133.368 Y116.442 E208.16887 ; perimeter
G1 X133.148 Y116.069 E208.20474 ; perimeter
G1 X133.026 Y115.554 E208.24858 ; perimeter
G1 X133.026 Y109.607 E208.74121 ; perimeter
G1 X133.115 Y109.005 E208.79162 ; perimeter
G1 X133.319 Y108.624 E208.82742 ; perimeter
G1 X133.637 Y108.305 E208.86473 ; perimeter
G1 X133.944 Y108.144 E208.89345 ; perimeter
G1 X134.356 Y108.033 E208.9288 ; perimeter
G1 X140.55 Y108.026 E209.44189 ; perimeter
G1 X141.07 Y108.14 E209.48599 ; perimeter
G1 X141.495 Y108.412 E209.52779 ; perimeter
G1 X141.803 Y108.811 E209.56954 ; perimeter
G1 X141.911 Y109.096 E209.59479 ; perimeter
G1 X141.976 Y109.577 E209.635 ; perimeter
G1 X141.974 Y115.392 E210.1167 ; perimeter
G1 X141.885 Y115.995 E210.16719 ; perimeter
G1 X141.781 Y116.19 E210.1855 ; perimeter
G1 X142.074 Y116.344 ; move to first perimeter point
;TYPE:External perimeter
G1 X141.95 Y116.575 E210.20722 ; perimeter
G1 X141.464 Y117.022 E210.26192 ; perimeter
G1 X141.006 Y117.216 E210.30312 ; perimeter
G1 X140.586 Y117.305 E210.33868 ; perimeter
G1 X134.42 Y117.305 E210.84945 ; perimeter
G1 X133.892 Y117.2 E210.89404 ; perimeter
G1 X133.422 Y116.949 E210.93818 ; perimeter
G1 X133.254 Y116.79 E210.95734 ; perimeter
G1 X133.001 Y116.49 E210.98985 ; perimeter
G1 X132.772 Y116.026 E211.03271 ; perimeter
G1 X132.695 Y115.582 E211.07004 ; perimeter
G1 X132.695 Y109.42 E211.58048 ; perimeter
G1 X132.8 Y108.892 E211.62507 ; perimeter
G1 X133.05 Y108.425 E211.66895 ; perimeter
G1 X133.429 Y108.045 E211.71341 ; perimeter
G1 X133.816 Y107.839 E211.74973 ; perimeter
G1 X134.323 Y107.702 E211.79323 ; perimeter
G1 X140.569 Y107.694 E212.31063 ; perimeter
G1 X141.006 Y107.775 E212.34745 ; perimeter
G1 X141.427 Y107.949 E212.38519 ; perimeter
G1 X141.805 Y108.257 E212.42558 ; perimeter
G1 X142.095 Y108.65 E212.46604 ; perimeter
G1 X142.248 Y109.079 E212.50377 ; perimeter
G1 X142.307 Y109.577 E212.54531 ; perimeter
G1 X142.305 Y115.58 E213.04258 ; perimeter
G1 X142.2 Y116.108 E213.08717 ; perimeter
G1 X142.11 Y116.277 E213.10303 ; perimeter
G1 X141.815 Y116.682 ; move inwards before travel
G1 X140.896 Y109.033 ; move to first infill point
;TYPE:Internal infill
;WIDTH:0.385
G1 X134.428 Y109.033 E213.63882 ; infill
G1 X134.265 Y109.087 E213.65304 ; infill
G1 X134.125 Y109.224 E213.66927 ; infill
G1 X134.054 Y109.38 E213.68347 ; infill
G1 X140.951 Y109.38 E214.2548 ; infill
G1 X140.982 Y109.726 E214.28358 ; infill
G1 X134.02 Y109.726 E214.86029 ; infill
G1 X134.02 Y110.073 E214.88903 ; infill
G1 X140.982 Y110.073 E215.46574 ; infill
G1 X140.982 Y110.42 E215.49448 ; infill
G1 X134.02 Y110.42 E216.07119 ; infill
G1 X134.02 Y110.767 E216.09993 ; infill
G1 X140.982 Y110.767 E216.67664 ; infill
G1 X140.981 Y111.114 E216.70538 ; infill
G1 X134.02 Y111.114 E217.28201 ; infill
G1 X134.02 Y111.461 E217.31075 ; infill
G1 X140.981 Y111.461 E217.88738 ; infill
G1 X140.981 Y111.808 E217.91612 ; infill
G1 X134.02 Y111.808 E218.49275 ; infill
G1 X134.02 Y112.155 E218.52149 ; infill
G1 X140.981 Y112.155 E219.09812 ; infill
G1 X140.981 Y112.502 E219.12686 ; infill
G1 X134.02 Y112.502 E219.70349 ; infill
G1 X134.02 Y112.849 E219.73223 ; infill
G1 X140.981 Y112.849 E220.30886 ; infill
G1 X140.981 Y113.196 E220.3376 ; infill
G1 X134.02 Y113.196 E220.91423 ; infill
G1 X134.02 Y113.543 E220.94297 ; infill
G1 X140.981 Y113.543 E221.5196 ; infill
G1 X140.98 Y113.89 E221.54834 ; infill
G1 X134.02 Y113.89 E222.12489 ; infill
G1 X134.02 Y114.237 E222.15363 ; infill
G1 X140.98 Y114.237 E222.73018 ; infill
G1 X140.98 Y114.584 E222.75892 ; infill
G1 X134.02 Y114.584 E223.33547 ; infill
G1 X134.02 Y114.931 E223.36421 ; infill
G1 X140.98 Y114.931 E223.94076 ; infill
G1 X140.98 Y115.278 E223.9695 ; infill
G1 X134.02 Y115.278 E224.54605 ; infill
G1 X134.047 Y115.625 E224.57488 ; infill
G1 X140.945 Y115.625 E225.14629 ; infill
G1 X140.755 Y115.896 E225.17371 ; infill
G1 X140.514 Y115.972 E225.19464 ; infill
G1 X134.101 Y115.972 E225.72588 ; infill
;LAYER_CHANGE
;Z:3
;HEIGHT:0.25
;announce new layer <11>
;---
M756 S0.25
M790 ;execute any new layer actions
;---
G1 Z3 F1500 ; simple layer change
G1 X133.993 Y116.118 ; travel to first layer point
;TYPE:Perimeter
;WIDTH:0.384999
G1 X133.786 Y115.877 E225.7522 ; perimeter
G1 X133.689 Y115.497 E225.78469 ; perimeter
G1 X133.689 Y109.607 E226.2726 ; perimeter
G1 X133.722 Y109.353 E226.29382 ; perimeter
G1 X133.857 Y109.023 E226.32336 ; perimeter
G1 X134.076 Y108.811 E226.34861 ; perimeter
G1 X134.422 Y108.696 E226.37881 ; perimeter
G1 X140.425 Y108.689 E226.87608 ; perimeter
G1 X140.78 Y108.745 E226.90585 ; perimeter
G1 X141.054 Y108.91 E226.93235 ; perimeter
G1 X141.257 Y109.214 E226.96263 ; perimeter
G1 X141.313 Y109.576 E226.99297 ; perimeter
G1 X141.311 Y115.392 E227.47475 ; perimeter
G1 X141.277 Y115.654 E227.49664 ; perimeter
G1 X141.136 Y115.99 E227.52682 ; perimeter
G1 X140.905 Y116.196 E227.55246 ; perimeter
G1 X140.525 Y116.311 E227.58535 ; perimeter
G1 X134.608 Y116.311 E228.0755 ; perimeter
G1 X134.347 Y116.277 E228.0973 ; perimeter
G1 X134.057 Y116.155 E228.12336 ; perimeter
G1 X133.88 Y116.428 ; move to first perimeter point
G1 X133.623 Y116.228 E228.15034 ; perimeter
G1 X133.454 Y115.942 E228.17786 ; perimeter
G1 X133.358 Y115.525 E228.21331 ; perimeter
G1 X133.358 Y109.607 E228.70354 ; perimeter
G1 X133.431 Y109.117 E228.74458 ; perimeter
G1 X133.588 Y108.824 E228.77212 ; perimeter
G1 X133.938 Y108.506 E228.81129 ; perimeter
G1 X134.389 Y108.365 E228.85043 ; perimeter
G1 X140.425 Y108.357 E229.35044 ; perimeter
G1 X140.715 Y108.379 E229.37453 ; perimeter
G1 X141.078 Y108.515 E229.40664 ; perimeter
G1 X141.376 Y108.768 E229.43902 ; perimeter
G1 X141.571 Y109.105 E229.47127 ; perimeter
G1 X141.645 Y109.576 E229.51076 ; perimeter
G1 X141.642 Y115.392 E229.99254 ; perimeter
G1 X141.602 Y115.719 E230.01983 ; perimeter
G1 X141.491 Y116.03 E230.04718 ; perimeter
G1 X141.311 Y116.287 E230.07317 ; perimeter
G1 X141.055 Y116.495 E230.10049 ; perimeter
G1 X140.546 Y116.642 E230.14438 ; perimeter
G1 X134.608 Y116.642 E230.63627 ; perimeter
G1 X134.117 Y116.569 E230.67739 ; perimeter
G1 X133.939 Y116.474 E230.6941 ; perimeter
G1 X133.751 Y116.749 ; move to first perimeter point
G1 X133.617 Y116.678 E230.70666 ; perimeter
G1 X133.369 Y116.443 E230.73496 ; perimeter
G1 X133.148 Y116.069 E230.77095 ; perimeter
G1 X133.026 Y115.554 E230.81479 ; perimeter
G1 X133.026 Y109.607 E231.30742 ; perimeter
G1 X133.115 Y109.005 E231.35783 ; perimeter
G1 X133.319 Y108.624 E231.39363 ; perimeter
G1 X133.638 Y108.305 E231.431 ; perimeter
G1 X133.944 Y108.144 E231.45964 ; perimeter
G1 X134.356 Y108.033 E231.49499 ; perimeter
G1 X140.548 Y108.026 E232.00792 ; perimeter
G1 X141.07 Y108.14 E232.05218 ; perimeter
G1 X141.495 Y108.412 E232.09398 ; perimeter
G1 X141.803 Y108.811 E232.13573 ; perimeter
G1 X141.911 Y109.096 E232.16098 ; perimeter
G1 X141.976 Y109.577 E232.20119 ; perimeter
G1 X141.974 Y115.392 E232.68289 ; perimeter
G1 X141.885 Y115.995 E232.73338 ; perimeter
G1 X141.678 Y116.382 E232.76974 ; perimeter
G1 X141.323 Y116.714 E232.81 ; perimeter
G1 X140.99 Y116.87 E232.84046 ; perimeter
G1 X140.566 Y116.974 E232.87662 ; perimeter
G1 X134.608 Y116.974 E233.37016 ; perimeter
G1 X134.005 Y116.885 E233.42065 ; perimeter
G1 X133.817 Y116.785 E233.43829 ; perimeter
G1 X133.658 Y117.075 ; move to first perimeter point
;TYPE:External perimeter
G1 X133.422 Y116.949 E233.46045 ; perimeter
G1 X133.254 Y116.79 E233.47961 ; perimeter
G1 X133.001 Y116.49 E233.51212 ; perimeter
G1 X132.772 Y116.026 E233.55498 ; perimeter
G1 X132.695 Y115.582 E233.59231 ; perimeter
G1 X132.695 Y109.42 E234.10275 ; perimeter
G1 X132.8 Y108.892 E234.14734 ; perimeter
G1 X133.05 Y108.425 E234.19122 ; perimeter
G1 X133.429 Y108.045 E234.23568 ; perimeter
G1 X133.815 Y107.839 E234.27192 ; perimeter
G1 X134.323 Y107.702 E234.3155 ; perimeter
G1 X140.567 Y107.694 E234.83274 ; perimeter
G1 X141.007 Y107.775 E234.8698 ; perimeter
G1 X141.427 Y107.949 E234.90746 ; perimeter
G1 X141.805 Y108.257 E234.94785 ; perimeter
G1 X142.095 Y108.65 E234.98831 ; perimeter
G1 X142.248 Y109.078 E235.02596 ; perimeter
G1 X142.307 Y109.577 E235.06758 ; perimeter
G1 X142.305 Y115.58 E235.56485 ; perimeter
G1 X142.2 Y116.108 E235.60944 ; perimeter
G1 X141.949 Y116.578 E235.65358 ; perimeter
G1 X141.758 Y116.778 E235.67649 ; perimeter
G1 X141.355 Y117.091 E235.71876 ; perimeter
G1 X141.006 Y117.216 E235.74947 ; perimeter
G1 X140.586 Y117.305 E235.78503 ; perimeter
G1 X134.42 Y117.305 E236.2958 ; perimeter
G1 X133.892 Y117.2 E236.34039 ; perimeter
G1 X133.724 Y117.111 E236.35614 ; perimeter
G1 X133.311 Y116.829 ; move inwards before travel
G1 X134.02 Y115.896 ; move to first infill point
;TYPE:Internal infill
;WIDTH:0.385
G1 X134.02 Y109.55 E236.88183 ; infill
G1 X134.125 Y109.223 E236.91028 ; infill
G1 X134.352 Y109.051 E236.93387 ; infill
G1 X134.352 Y115.94 E237.50454 ; infill
G1 X134.683 Y115.98 E237.53216 ; infill
G1 X134.683 Y109.027 E238.10813 ; infill
G1 X135.015 Y109.027 E238.13563 ; infill
G1 X135.015 Y115.98 E238.7116 ; infill
G1 X135.346 Y115.98 E238.73902 ; infill
G1 X135.346 Y109.027 E239.31499 ; infill
G1 X135.678 Y109.027 E239.34249 ; infill
G1 X135.678 Y115.98 E239.91846 ; infill
G1 X136.009 Y115.98 E239.94588 ; infill
G1 X136.009 Y109.027 E240.52185 ; infill
G1 X136.341 Y109.026 E240.54935 ; infill
G1 X136.341 Y115.98 E241.1254 ; infill
G1 X136.672 Y115.98 E241.15282 ; infill
G1 X136.672 Y109.026 E241.72887 ; infill
G1 X137.004 Y109.026 E241.75637 ; infill
G1 X137.004 Y115.98 E242.33242 ; infill
G1 X137.335 Y115.98 E242.35984 ; infill
G1 X137.335 Y109.026 E242.93589 ; infill
G1 X137.667 Y109.026 E242.96339 ; infill
G1 X137.667 Y115.98 E243.53944 ; infill
G1 X137.998 Y115.98 E243.56686 ; infill
G1 X137.998 Y109.026 E244.14291 ; infill
G1 X138.33 Y109.026 E244.17041 ; infill
G1 X138.33 Y115.98 E244.74646 ; infill
G1 X138.661 Y115.98 E244.77388 ; infill
G1 X138.661 Y109.025 E245.35001 ; infill
G1 X138.993 Y109.025 E245.37751 ; infill
G1 X138.993 Y115.98 E245.95364 ; infill
G1 X139.324 Y115.98 E245.98106 ; infill
G1 X139.324 Y109.025 E246.55719 ; infill
G1 X139.656 Y109.025 E246.58469 ; infill
G1 X139.656 Y115.98 E247.16082 ; infill
G1 X139.987 Y115.98 E247.18824 ; infill
G1 X139.987 Y109.025 E247.76437 ; infill
G1 X140.319 Y109.025 E247.79187 ; infill
G1 X140.319 Y115.98 E248.368 ; infill
G1 X140.65 Y115.93 E248.39573 ; infill
G1 X140.65 Y109.056 E248.96515 ; infill
G1 X140.861 Y109.193 E248.98599 ; infill
G1 X140.982 Y109.563 E249.01824 ; infill
G1 X140.982 Y115.887 E249.5421 ; infill
;LAYER_CHANGE
;Z:3.25
;HEIGHT:0.25
;announce new layer <12>
;---
M756 S0.25
M790 ;execute any new layer actions
;---
G1 Z3.25 F1500 ; simple layer change
G1 X141.103 Y115.996 ; travel to first layer point
;TYPE:Perimeter
;WIDTH:0.384999
G1 X141.06 Y116.06 E249.54849 ; perimeter
G1 X140.818 Y116.237 E249.57333 ; perimeter
G1 X140.511 Y116.311 E249.59949 ; perimeter
G1 X134.608 Y116.311 E250.08848 ; perimeter
G1 X134.346 Y116.277 E250.11037 ; perimeter
G1 X134.01 Y116.136 E250.14055 ; perimeter
G1 X133.804 Y115.905 E250.16619 ; perimeter
G1 X133.689 Y115.525 E250.19908 ; perimeter
G1 X133.689 Y109.607 E250.68931 ; perimeter
G1 X133.723 Y109.345 E250.7112 ; perimeter
G1 X133.87 Y108.998 E250.74242 ; perimeter
G1 X134.062 Y108.824 E250.76388 ; perimeter
G1 X134.407 Y108.696 E250.79436 ; perimeter
G1 X140.425 Y108.689 E251.29287 ; perimeter
G1 X140.78 Y108.745 E251.32264 ; perimeter
G1 X141.054 Y108.91 E251.34914 ; perimeter
G1 X141.257 Y109.214 E251.37942 ; perimeter
G1 X141.313 Y109.576 E251.40976 ; perimeter
G1 X141.311 Y115.392 E251.89154 ; perimeter
G1 X141.254 Y115.77 E251.92321 ; perimeter
G1 X141.145 Y115.933 E251.93945 ; perimeter
G1 X141.438 Y116.127 ; move to first perimeter point
G1 X141.412 Y116.176 E251.94405 ; perimeter
G1 X141.169 Y116.419 E251.97252 ; perimeter
G1 X140.918 Y116.562 E251.99645 ; perimeter
G1 X140.535 Y116.642 E252.02886 ; perimeter
G1 X134.608 Y116.642 E252.51984 ; perimeter
G1 X134.281 Y116.602 E252.54713 ; perimeter
G1 X133.97 Y116.491 E252.57448 ; perimeter
G1 X133.713 Y116.311 E252.60047 ; perimeter
G1 X133.505 Y116.055 E252.62779 ; perimeter
G1 X133.358 Y115.546 E252.67168 ; perimeter
G1 X133.358 Y109.607 E253.16365 ; perimeter
G1 X133.431 Y109.117 E253.20469 ; perimeter
G1 X133.597 Y108.805 E253.23397 ; perimeter
G1 X133.897 Y108.534 E253.26746 ; perimeter
G1 X134.378 Y108.365 E253.30969 ; perimeter
G1 X140.425 Y108.357 E253.81061 ; perimeter
G1 X140.715 Y108.379 E253.8347 ; perimeter
G1 X141.078 Y108.515 E253.86681 ; perimeter
G1 X141.376 Y108.768 E253.89919 ; perimeter
G1 X141.571 Y109.105 E253.93144 ; perimeter
G1 X141.645 Y109.576 E253.97093 ; perimeter
G1 X141.642 Y115.392 E254.45271 ; perimeter
G1 X141.569 Y115.883 E254.49383 ; perimeter
G1 X141.474 Y116.061 E254.51054 ; perimeter
G1 X141.749 Y116.249 ; move to first perimeter point
G1 X141.681 Y116.376 E254.52247 ; perimeter
G1 X141.372 Y116.686 E254.55873 ; perimeter
G1 X141.053 Y116.866 E254.58907 ; perimeter
G1 X140.559 Y116.974 E254.63096 ; perimeter
G1 X134.608 Y116.974 E255.12392 ; perimeter
G1 X134.005 Y116.885 E255.17441 ; perimeter
G1 X133.618 Y116.678 E255.21077 ; perimeter
G1 X133.286 Y116.323 E255.25103 ; perimeter
G1 X133.13 Y115.99 E255.28149 ; perimeter
G1 X133.026 Y115.566 E255.31765 ; perimeter
G1 X133.026 Y109.607 E255.81128 ; perimeter
G1 X133.115 Y109.005 E255.86169 ; perimeter
G1 X133.324 Y108.613 E255.89849 ; perimeter
G1 X133.609 Y108.335 E255.93147 ; perimeter
G1 X133.943 Y108.156 E255.96286 ; perimeter
G1 X134.349 Y108.033 E255.998 ; perimeter
G1 X140.545 Y108.026 E256.51126 ; perimeter
G1 X141.07 Y108.14 E256.55576 ; perimeter
G1 X141.495 Y108.412 E256.59756 ; perimeter
G1 X141.803 Y108.811 E256.63931 ; perimeter
G1 X141.911 Y109.096 E256.66456 ; perimeter
G1 X141.976 Y109.577 E256.70477 ; perimeter
G1 X141.974 Y115.392 E257.18647 ; perimeter
G1 X141.885 Y115.995 E257.23696 ; perimeter
G1 X141.785 Y116.183 E257.2546 ; perimeter
G1 X142.075 Y116.342 ; move to first perimeter point
;TYPE:External perimeter
G1 X141.95 Y116.575 E257.2765 ; perimeter
G1 X141.574 Y116.952 E257.32061 ; perimeter
G1 X141.056 Y117.214 E257.3687 ; perimeter
G1 X140.584 Y117.305 E257.40852 ; perimeter
G1 X134.42 Y117.305 E257.91913 ; perimeter
G1 X133.892 Y117.2 E257.96372 ; perimeter
G1 X133.422 Y116.949 E258.00786 ; perimeter
G1 X133.222 Y116.758 E258.03077 ; perimeter
G1 X132.909 Y116.355 E258.07304 ; perimeter
G1 X132.784 Y116.006 E258.10375 ; perimeter
G1 X132.695 Y115.586 E258.13931 ; perimeter
G1 X132.695 Y109.42 E258.65008 ; perimeter
G1 X132.8 Y108.892 E258.69467 ; perimeter
G1 X132.96 Y108.593 E258.72276 ; perimeter
G1 X133.182 Y108.277 E258.75475 ; perimeter
G1 X133.568 Y107.953 E258.7965 ; perimeter
G1 X133.932 Y107.802 E258.82914 ; perimeter
G1 X134.321 Y107.702 E258.86241 ; perimeter
G1 X140.564 Y107.694 E259.37956 ; perimeter
G1 X141.007 Y107.775 E259.41687 ; perimeter
G1 X141.427 Y107.949 E259.45453 ; perimeter
G1 X141.805 Y108.257 E259.49492 ; perimeter
G1 X142.095 Y108.65 E259.53538 ; perimeter
G1 X142.248 Y109.078 E259.57303 ; perimeter
G1 X142.307 Y109.577 E259.61465 ; perimeter
G1 X142.305 Y115.58 E260.11192 ; perimeter
G1 X142.2 Y116.108 E260.15651 ; perimeter
G1 X142.111 Y116.276 E260.17226 ; perimeter
G1 X141.824 Y116.685 ; move inwards before travel
G1 X140.895 Y109.032 ; move to first infill point
;TYPE:Internal infill
;WIDTH:0.385
G1 X134.44 Y109.032 E260.70698 ; infill
G1 X134.139 Y109.197 E260.73541 ; infill
G1 X134.054 Y109.379 E260.75205 ; infill
G1 X140.951 Y109.379 E261.32338 ; infill
G1 X140.982 Y109.726 E261.35224 ; infill
G1 X134.02 Y109.726 E261.92895 ; infill
G1 X134.02 Y110.073 E261.95769 ; infill
G1 X140.982 Y110.073 E262.5344 ; infill
G1 X140.982 Y110.42 E262.56314 ; infill
G1 X134.02 Y110.42 E263.13985 ; infill
G1 X134.02 Y110.767 E263.16859 ; infill
G1 X140.982 Y110.767 E263.7453 ; infill
G1 X140.981 Y111.114 E263.77404 ; infill
G1 X134.02 Y111.114 E264.35067 ; infill
G1 X134.02 Y111.461 E264.37941 ; infill
G1 X140.981 Y111.461 E264.95604 ; infill
G1 X140.981 Y111.808 E264.98478 ; infill
G1 X134.02 Y111.808 E265.56141 ; infill
G1 X134.02 Y112.155 E265.59015 ; infill
G1 X140.981 Y112.155 E266.16678 ; infill
G1 X140.981 Y112.502 E266.19552 ; infill
G1 X134.02 Y112.502 E266.77215 ; infill
G1 X134.02 Y112.849 E266.80089 ; infill
G1 X140.981 Y112.849 E267.37752 ; infill
G1 X140.981 Y113.196 E267.40626 ; infill
G1 X134.02 Y113.196 E267.98289 ; infill
G1 X134.02 Y113.543 E268.01163 ; infill
G1 X140.981 Y113.543 E268.58826 ; infill
G1 X140.98 Y113.89 E268.617 ; infill
G1 X134.02 Y113.89 E269.19355 ; infill
G1 X134.02 Y114.237 E269.22229 ; infill
G1 X140.98 Y114.237 E269.79884 ; infill
G1 X140.98 Y114.584 E269.82758 ; infill
G1 X134.02 Y114.584 E270.40413 ; infill
G1 X134.02 Y114.931 E270.43287 ; infill
G1 X140.98 Y114.931 E271.00942 ; infill
G1 X140.98 Y115.278 E271.03816 ; infill
G1 X134.02 Y115.278 E271.61471 ; infill
G1 X134.062 Y115.625 E271.64366 ; infill
G1 X140.945 Y115.625 E272.21383 ; infill
G1 X140.764 Y115.887 E272.24021 ; infill
G1 X140.525 Y115.972 E272.26122 ; infill
G1 X134.104 Y115.972 E272.79312 ; infill
;LAYER_CHANGE
;Z:3.5
;HEIGHT:0.25
;announce new layer <13>
;---
M756 S0.25
M790 ;execute any new layer actions
;---
G1 Z3.5 F1500 ; simple layer change
G1 X133.994 Y116.118 ; travel to first layer point
;TYPE:Perimeter
;WIDTH:0.384999
G1 X133.788 Y115.881 E272.81913 ; perimeter
G1 X133.689 Y115.497 E272.85198 ; perimeter
G1 X133.689 Y109.607 E273.33989 ; perimeter
G1 X133.722 Y109.353 E273.36111 ; perimeter
G1 X133.857 Y109.023 E273.39065 ; perimeter
G1 X134.075 Y108.812 E273.41578 ; perimeter
G1 X134.422 Y108.696 E273.44609 ; perimeter
G1 X140.425 Y108.689 E273.94336 ; perimeter
G1 X140.75 Y108.736 E273.97056 ; perimeter
G1 X141.04 Y108.899 E273.99812 ; perimeter
G1 X141.267 Y109.256 E274.03316 ; perimeter
G1 X141.313 Y109.576 E274.05994 ; perimeter
G1 X141.311 Y115.482 E274.54918 ; perimeter
G1 X141.199 Y115.873 E274.58287 ; perimeter
G1 X140.946 Y116.174 E274.61544 ; perimeter
G1 X140.525 Y116.311 E274.65211 ; perimeter
G1 X134.608 Y116.311 E275.14226 ; perimeter
G1 X134.347 Y116.277 E275.16406 ; perimeter
G1 X134.057 Y116.156 E275.19009 ; perimeter
G1 X133.873 Y116.438 ; move to first perimeter point
G1 X133.814 Y116.407 E275.19561 ; perimeter
G1 X133.613 Y116.216 E275.21858 ; perimeter
G1 X133.456 Y115.945 E275.24452 ; perimeter
G1 X133.358 Y115.525 E275.28025 ; perimeter
G1 X133.358 Y109.607 E275.77048 ; perimeter
G1 X133.431 Y109.117 E275.81152 ; perimeter
G1 X133.588 Y108.824 E275.83906 ; perimeter
G1 X133.935 Y108.508 E275.87794 ; perimeter
G1 X134.389 Y108.365 E275.91737 ; perimeter
G1 X140.424 Y108.357 E276.41729 ; perimeter
G1 X140.716 Y108.379 E276.44155 ; perimeter
G1 X141.022 Y108.488 E276.46846 ; perimeter
G1 X141.325 Y108.72 E276.50007 ; perimeter
G1 X141.579 Y109.135 E276.54038 ; perimeter
G1 X141.645 Y109.576 E276.57732 ; perimeter
G1 X141.642 Y115.392 E277.0591 ; perimeter
G1 X141.569 Y115.883 E277.10022 ; perimeter
G1 X141.412 Y116.176 E277.12776 ; perimeter
G1 X141.065 Y116.491 E277.16658 ; perimeter
G1 X140.546 Y116.642 E277.21136 ; perimeter
G1 X134.608 Y116.642 E277.70325 ; perimeter
G1 X134.117 Y116.569 E277.74437 ; perimeter
G1 X133.939 Y116.474 E277.76108 ; perimeter
G1 X133.751 Y116.749 ; move to first perimeter point
G1 X133.618 Y116.678 E277.77357 ; perimeter
G1 X133.358 Y116.43 E277.80333 ; perimeter
G1 X133.149 Y116.072 E277.83767 ; perimeter
G1 X133.026 Y115.554 E277.88177 ; perimeter
G1 X133.026 Y109.607 E278.3744 ; perimeter
G1 X133.115 Y109.005 E278.42481 ; perimeter
G1 X133.319 Y108.624 E278.46061 ; perimeter
G1 X133.638 Y108.305 E278.49798 ; perimeter
G1 X133.942 Y108.145 E278.52644 ; perimeter
G1 X134.356 Y108.033 E278.56197 ; perimeter
G1 X140.424 Y108.026 E279.06463 ; perimeter
G1 X140.783 Y108.053 E279.09445 ; perimeter
G1 X141.271 Y108.244 E279.13786 ; perimeter
G1 X141.57 Y108.497 E279.17031 ; perimeter
G1 X141.777 Y108.804 E279.20098 ; perimeter
G1 X141.931 Y109.177 E279.23441 ; perimeter
G1 X141.976 Y109.577 E279.26775 ; perimeter
G1 X141.974 Y115.392 E279.74945 ; perimeter
G1 X141.885 Y115.995 E279.79994 ; perimeter
G1 X141.681 Y116.376 E279.83574 ; perimeter
G1 X141.363 Y116.694 E279.87299 ; perimeter
G1 X140.99 Y116.87 E279.90716 ; perimeter
G1 X140.566 Y116.974 E279.94332 ; perimeter
G1 X134.608 Y116.974 E280.43686 ; perimeter
G1 X134.005 Y116.885 E280.48735 ; perimeter
G1 X133.817 Y116.785 E280.50499 ; perimeter
G1 X133.658 Y117.075 ; move to first perimeter point
;TYPE:External perimeter
G1 X133.423 Y116.949 E280.52708 ; perimeter
G1 X133.252 Y116.787 E280.54659 ; perimeter
G1 X132.999 Y116.489 E280.57897 ; perimeter
G1 X132.772 Y116.026 E280.62169 ; perimeter
G1 X132.695 Y115.582 E280.65902 ; perimeter
G1 X132.695 Y109.42 E281.16946 ; perimeter
G1 X132.8 Y108.892 E281.21405 ; perimeter
G1 X133.05 Y108.425 E281.25793 ; perimeter
G1 X133.429 Y108.045 E281.30239 ; perimeter
G1 X133.813 Y107.84 E281.33845 ; perimeter
G1 X134.323 Y107.702 E281.38222 ; perimeter
G1 X140.424 Y107.694 E281.88761 ; perimeter
G1 X140.69 Y107.709 E281.90968 ; perimeter
G1 X141.193 Y107.831 E281.95256 ; perimeter
G1 X141.59 Y108.069 E281.9909 ; perimeter
G1 X141.949 Y108.421 E282.03255 ; perimeter
G1 X142.202 Y108.895 E282.07706 ; perimeter
G1 X142.252 Y109.097 E282.0943 ; perimeter
G1 X142.307 Y109.577 E282.13432 ; perimeter
G1 X142.305 Y115.58 E282.63159 ; perimeter
G1 X142.2 Y116.108 E282.67618 ; perimeter
G1 X141.95 Y116.575 E282.72006 ; perimeter
G1 X141.464 Y117.022 E282.77476 ; perimeter
G1 X141.006 Y117.216 E282.81596 ; perimeter
G1 X140.586 Y117.305 E282.85152 ; perimeter
G1 X134.42 Y117.305 E283.36229 ; perimeter
G1 X133.892 Y117.2 E283.40688 ; perimeter
G1 X133.724 Y117.111 E283.42263 ; perimeter
G1 X133.312 Y116.828 ; move inwards before travel
G1 X134.02 Y115.894 ; move to first infill point
;TYPE:Internal infill
;WIDTH:0.385
G1 X134.02 Y109.55 E283.94815 ; infill
G1 X134.126 Y109.223 E283.97663 ; infill
G1 X134.352 Y109.051 E284.00016 ; infill
G1 X134.352 Y115.94 E284.57083 ; infill
G1 X134.683 Y115.98 E284.59845 ; infill
G1 X134.683 Y109.027 E285.17442 ; infill
G1 X135.015 Y109.027 E285.20192 ; infill
G1 X135.015 Y115.98 E285.77789 ; infill
G1 X135.346 Y115.98 E285.80531 ; infill
G1 X135.346 Y109.027 E286.38128 ; infill
G1 X135.678 Y109.027 E286.40878 ; infill
G1 X135.678 Y115.98 E286.98475 ; infill
G1 X136.009 Y115.98 E287.01217 ; infill
G1 X136.009 Y109.027 E287.58814 ; infill
G1 X136.341 Y109.026 E287.61564 ; infill
G1 X136.341 Y115.98 E288.19169 ; infill
G1 X136.672 Y115.98 E288.21911 ; infill
G1 X136.672 Y109.026 E288.79516 ; infill
G1 X137.004 Y109.026 E288.82266 ; infill
G1 X137.004 Y115.98 E289.39871 ; infill
G1 X137.335 Y115.98 E289.42613 ; infill
G1 X137.335 Y109.026 E290.00218 ; infill
G1 X137.667 Y109.026 E290.02968 ; infill
G1 X137.667 Y115.98 E290.60573 ; infill
G1 X137.998 Y115.98 E290.63315 ; infill
G1 X137.998 Y109.026 E291.2092 ; infill
G1 X138.33 Y109.025 E291.2367 ; infill
G1 X138.33 Y115.98 E291.81283 ; infill
G1 X138.661 Y115.98 E291.84025 ; infill
G1 X138.661 Y109.025 E292.41638 ; infill
G1 X138.993 Y109.025 E292.44388 ; infill
G1 X138.993 Y115.98 E293.02001 ; infill
G1 X139.324 Y115.98 E293.04743 ; infill
G1 X139.324 Y109.025 E293.62356 ; infill
G1 X139.656 Y109.025 E293.65106 ; infill
G1 X139.656 Y115.98 E294.22719 ; infill
G1 X139.987 Y115.98 E294.25461 ; infill
G1 X139.987 Y109.025 E294.83074 ; infill
G1 X140.319 Y109.024 E294.85824 ; infill
G1 X140.319 Y115.98 E295.43446 ; infill
G1 X140.65 Y115.929 E295.4622 ; infill
G1 X140.65 Y109.056 E296.03154 ; infill
G1 X140.857 Y109.19 E296.05197 ; infill
G1 X140.982 Y109.561 E296.0844 ; infill
G1 X140.982 Y115.88 E296.60785 ; infill
;LAYER_CHANGE
;Z:3.75
;HEIGHT:0.25
;announce new layer <14>
;---
M756 S0.25
M790 ;execute any new layer actions
;---
G1 Z3.75 F1500 ; simple layer change
G1 X141.121 Y116.009 ; travel to first layer point
;TYPE:Perimeter
;WIDTH:0.384999
G1 X140.876 Y116.212 E296.63421 ; perimeter
G1 X140.506 Y116.311 E296.66594 ; perimeter
G1 X134.608 Y116.311 E297.15451 ; perimeter
G1 X134.347 Y116.277 E297.17631 ; perimeter
G1 X134.007 Y116.134 E297.20686 ; perimeter
G1 X133.786 Y115.876 E297.235 ; perimeter
G1 X133.689 Y115.497 E297.26741 ; perimeter
G1 X133.689 Y109.518 E297.76269 ; perimeter
G1 X133.801 Y109.127 E297.79638 ; perimeter
G1 X134.056 Y108.824 E297.82919 ; perimeter
G1 X134.422 Y108.696 E297.86131 ; perimeter
G1 X140.425 Y108.688 E298.35858 ; perimeter
G1 X140.78 Y108.745 E298.38836 ; perimeter
G1 X141.042 Y108.902 E298.41366 ; perimeter
G1 X141.274 Y109.275 E298.45005 ; perimeter
G1 X141.313 Y109.576 E298.47519 ; perimeter
G1 X141.311 Y115.392 E298.95697 ; perimeter
G1 X141.277 Y115.652 E298.97869 ; perimeter
G1 X141.154 Y115.943 E299.00486 ; perimeter
G1 X141.427 Y116.12 ; move to first perimeter point
G1 X141.273 Y116.338 E299.02697 ; perimeter
G1 X140.911 Y116.554 E299.06189 ; perimeter
G1 X140.531 Y116.642 E299.0942 ; perimeter
G1 X134.608 Y116.642 E299.58485 ; perimeter
G1 X134.117 Y116.569 E299.62597 ; perimeter
G1 X133.939 Y116.474 E299.64268 ; perimeter
G1 X133.627 Y116.232 E299.67539 ; perimeter
G1 X133.454 Y115.941 E299.70343 ; perimeter
G1 X133.358 Y115.525 E299.7388 ; perimeter
G1 X133.358 Y109.607 E300.22903 ; perimeter
G1 X133.431 Y109.117 E300.27007 ; perimeter
G1 X133.588 Y108.824 E300.29761 ; perimeter
G1 X133.933 Y108.509 E300.33631 ; perimeter
G1 X134.389 Y108.365 E300.37592 ; perimeter
G1 X140.615 Y108.368 E300.89166 ; perimeter
G1 X141.012 Y108.482 E300.92588 ; perimeter
G1 X141.325 Y108.719 E300.9584 ; perimeter
G1 X141.586 Y109.157 E301.00064 ; perimeter
G1 X141.645 Y109.576 E301.03569 ; perimeter
G1 X141.642 Y115.392 E301.51747 ; perimeter
G1 X141.602 Y115.716 E301.54451 ; perimeter
G1 X141.489 Y116.032 E301.57231 ; perimeter
G1 X141.471 Y116.058 E301.57493 ; perimeter
G1 X141.749 Y116.249 ; move to first perimeter point
G1 X141.676 Y116.387 E301.58786 ; perimeter
G1 X141.389 Y116.661 E301.62073 ; perimeter
G1 X141.032 Y116.863 E301.65471 ; perimeter
G1 X140.557 Y116.974 E301.69512 ; perimeter
G1 X134.608 Y116.974 E302.18792 ; perimeter
G1 X134.005 Y116.885 E302.23841 ; perimeter
G1 X133.617 Y116.677 E302.27488 ; perimeter
G1 X133.374 Y116.449 E302.30248 ; perimeter
G1 X133.148 Y116.068 E302.33918 ; perimeter
G1 X133.026 Y115.554 E302.38294 ; perimeter
G1 X133.026 Y109.607 E302.87557 ; perimeter
G1 X133.115 Y109.005 E302.92598 ; perimeter
G1 X133.319 Y108.624 E302.96178 ; perimeter
G1 X133.638 Y108.305 E302.99915 ; perimeter
G1 X133.942 Y108.146 E303.02757 ; perimeter
G1 X134.356 Y108.033 E303.06312 ; perimeter
G1 X140.424 Y108.026 E303.56578 ; perimeter
G1 X140.783 Y108.053 E303.5956 ; perimeter
G1 X141.252 Y108.232 E303.63718 ; perimeter
G1 X141.57 Y108.497 E303.67147 ; perimeter
G1 X141.764 Y108.783 E303.7001 ; perimeter
G1 X141.934 Y109.187 E303.73641 ; perimeter
G1 X141.976 Y109.577 E303.7689 ; perimeter
G1 X141.974 Y115.392 E304.2506 ; perimeter
G1 X141.885 Y115.995 E304.30109 ; perimeter
G1 X141.785 Y116.183 E304.31873 ; perimeter
G1 X142.075 Y116.342 ; move to first perimeter point
;TYPE:External perimeter
G1 X141.948 Y116.579 E304.341 ; perimeter
G1 X141.714 Y116.837 E304.36985 ; perimeter
G1 X141.351 Y117.093 E304.40665 ; perimeter
G1 X140.964 Y117.245 E304.44109 ; perimeter
G1 X140.583 Y117.305 E304.47304 ; perimeter
G1 X134.42 Y117.305 E304.98357 ; perimeter
G1 X133.892 Y117.2 E305.02816 ; perimeter
G1 X133.422 Y116.949 E305.0723 ; perimeter
G1 X133.257 Y116.794 E305.09105 ; perimeter
G1 X133.002 Y116.491 E305.12386 ; perimeter
G1 X132.772 Y116.026 E305.16683 ; perimeter
G1 X132.695 Y115.582 E305.20416 ; perimeter
G1 X132.695 Y109.42 E305.7146 ; perimeter
G1 X132.8 Y108.892 E305.75919 ; perimeter
G1 X133.05 Y108.425 E305.80307 ; perimeter
G1 X133.429 Y108.045 E305.84753 ; perimeter
G1 X133.812 Y107.841 E305.88348 ; perimeter
G1 X134.323 Y107.702 E305.92735 ; perimeter
G1 X140.424 Y107.694 E306.43274 ; perimeter
G1 X140.69 Y107.709 E306.45481 ; perimeter
G1 X141.194 Y107.832 E306.49779 ; perimeter
G1 X141.591 Y108.071 E306.53618 ; perimeter
G1 X141.948 Y108.421 E306.57759 ; perimeter
G1 X142.121 Y108.75 E306.60838 ; perimeter
G1 X142.256 Y109.109 E306.64015 ; perimeter
G1 X142.307 Y109.577 E306.67915 ; perimeter
G1 X142.305 Y115.58 E307.17642 ; perimeter
G1 X142.2 Y116.108 E307.22101 ; perimeter
G1 X142.111 Y116.276 E307.23676 ; perimeter
G1 X141.833 Y116.691 ; move inwards before travel
G1 X140.897 Y109.032 ; move to first infill point
;TYPE:Internal infill
;WIDTH:0.385
G1 X134.431 Y109.032 E307.77239 ; infill
G1 X134.259 Y109.091 E307.78745 ; infill
G1 X134.054 Y109.379 E307.81673 ; infill
G1 X140.954 Y109.379 E308.38831 ; infill
G1 X140.982 Y109.726 E308.41715 ; infill
G1 X134.02 Y109.726 E308.99386 ; infill
G1 X134.02 Y110.073 E309.0226 ; infill
G1 X140.982 Y110.073 E309.59931 ; infill
G1 X140.982 Y110.42 E309.62805 ; infill
G1 X134.02 Y110.42 E310.20476 ; infill
G1 X134.02 Y110.767 E310.2335 ; infill
G1 X140.982 Y110.767 E310.81021 ; infill
G1 X140.981 Y111.114 E310.83895 ; infill
G1 X134.02 Y111.114 E311.41558 ; infill
G1 X134.02 Y111.461 E311.44432 ; infill
G1 X140.981 Y111.461 E312.02095 ; infill
G1 X140.981 Y111.808 E312.04969 ; infill
G1 X134.02 Y111.808 E312.62632 ; infill
G1 X134.02 Y112.155 E312.65506 ; infill
G1 X140.981 Y112.155 E313.23169 ; infill
G1 X140.981 Y112.502 E313.26043 ; infill
G1 X134.02 Y112.502 E313.83706 ; infill
G1 X134.02 Y112.849 E313.8658 ; infill
G1 X140.981 Y112.849 E314.44243 ; infill
G1 X140.981 Y113.196 E314.47117 ; infill
G1 X134.02 Y113.196 E315.0478 ; infill
G1 X134.02 Y113.543 E315.07654 ; infill
G1 X140.981 Y113.543 E315.65317 ; infill
G1 X140.98 Y113.89 E315.68191 ; infill
G1 X134.02 Y113.89 E316.25846 ; infill
G1 X134.02 Y114.237 E316.2872 ; infill
G1 X140.98 Y114.237 E316.86375 ; infill
G1 X140.98 Y114.584 E316.89249 ; infill
G1 X134.02 Y114.584 E317.46904 ; infill
G1 X134.02 Y114.931 E317.49778 ; infill
G1 X140.98 Y114.931 E318.07433 ; infill
G1 X140.98 Y115.278 E318.10307 ; infill
G1 X134.02 Y115.278 E318.67962 ; infill
G1 X134.047 Y115.625 E318.70845 ; infill
G1 X140.945 Y115.625 E319.27986 ; infill
G1 X140.863 Y115.799 E319.29579 ; infill
G1 X140.713 Y115.92 E319.31175 ; infill
G1 X140.529 Y115.972 E319.32759 ; infill
G1 X134.1 Y115.972 E319.86015 ; infill
;LAYER_CHANGE
;Z:4
;HEIGHT:0.25
;announce new layer <15>
;---
M756 S0.25
M790 ;execute any new layer actions
;---
G1 Z4 F1500 ; simple layer change
G1 X133.989 Y116.112 ; travel to first layer point
;TYPE:Perimeter
;WIDTH:0.384999
G1 X133.788 Y115.881 E319.88552 ; perimeter
G1 X133.689 Y115.497 E319.91837 ; perimeter
G1 X133.689 Y109.518 E320.41365 ; perimeter
G1 X133.801 Y109.127 E320.44734 ; perimeter
G1 X134.056 Y108.824 E320.48015 ; perimeter
G1 X134.422 Y108.696 E320.51227 ; perimeter
G1 X140.425 Y108.688 E321.00954 ; perimeter
G1 X140.738 Y108.732 E321.03572 ; perimeter
G1 X141.033 Y108.891 E321.06348 ; perimeter
G1 X141.267 Y109.256 E321.0994 ; perimeter
G1 X141.313 Y109.576 E321.12618 ; perimeter
G1 X141.311 Y115.392 E321.60796 ; perimeter
G1 X141.277 Y115.655 E321.62993 ; perimeter
G1 X141.13 Y116.002 E321.66115 ; perimeter
G1 X140.891 Y116.201 E321.68691 ; perimeter
G1 X140.525 Y116.311 E321.71857 ; perimeter
G1 X134.608 Y116.311 E322.20872 ; perimeter
G1 X134.347 Y116.277 E322.23052 ; perimeter
G1 X134.05 Y116.153 E322.25718 ; perimeter
G1 X133.873 Y116.438 ; move to first perimeter point
G1 X133.814 Y116.407 E322.2627 ; perimeter
G1 X133.613 Y116.215 E322.28573 ; perimeter
G1 X133.456 Y115.945 E322.3116 ; perimeter
G1 X133.358 Y115.525 E322.34733 ; perimeter
G1 X133.358 Y109.607 E322.83756 ; perimeter
G1 X133.431 Y109.117 E322.8786 ; perimeter
G1 X133.588 Y108.824 E322.90614 ; perimeter
G1 X133.931 Y108.51 E322.94466 ; perimeter
G1 X134.389 Y108.365 E322.98446 ; perimeter
G1 X140.424 Y108.357 E323.48438 ; perimeter
G1 X140.716 Y108.379 E323.50864 ; perimeter
G1 X141.031 Y108.496 E323.53648 ; perimeter
G1 X141.308 Y108.701 E323.56503 ; perimeter
G1 X141.579 Y109.135 E323.60741 ; perimeter
G1 X141.645 Y109.576 E323.64435 ; perimeter
G1 X141.642 Y115.392 E324.12613 ; perimeter
G1 X141.569 Y115.883 E324.16725 ; perimeter
G1 X141.334 Y116.27 E324.20476 ; perimeter
G1 X141.046 Y116.498 E324.23519 ; perimeter
G1 X140.546 Y116.642 E324.27829 ; perimeter
G1 X134.608 Y116.642 E324.77018 ; perimeter
G1 X134.117 Y116.569 E324.8113 ; perimeter
G1 X133.939 Y116.474 E324.82801 ; perimeter
G1 X133.751 Y116.749 ; move to first perimeter point
G1 X133.618 Y116.678 E324.8405 ; perimeter
G1 X133.358 Y116.43 E324.87026 ; perimeter
G1 X133.149 Y116.072 E324.9046 ; perimeter
G1 X133.026 Y115.554 E324.9487 ; perimeter
G1 X133.026 Y109.607 E325.44133 ; perimeter
G1 X133.115 Y109.005 E325.49174 ; perimeter
G1 X133.319 Y108.624 E325.52754 ; perimeter
G1 X133.638 Y108.305 E325.56491 ; perimeter
G1 X133.941 Y108.146 E325.59326 ; perimeter
G1 X134.356 Y108.033 E325.62889 ; perimeter
G1 X140.537 Y108.026 E326.14091 ; perimeter
G1 X140.911 Y108.092 E326.17237 ; perimeter
G1 X141.324 Y108.278 E326.20989 ; perimeter
G1 X141.554 Y108.479 E326.23519 ; perimeter
G1 X141.767 Y108.785 E326.26607 ; perimeter
G1 X141.931 Y109.177 E326.30127 ; perimeter
G1 X141.976 Y109.577 E326.33461 ; perimeter
G1 X141.974 Y115.392 E326.81631 ; perimeter
G1 X141.885 Y115.995 E326.8668 ; perimeter
G1 X141.783 Y116.186 E326.88474 ; perimeter
G1 X141.58 Y116.493 E326.91523 ; perimeter
G1 X141.2 Y116.795 E326.95544 ; perimeter
G1 X140.991 Y116.87 E326.97383 ; perimeter
G1 X140.566 Y116.974 E327.01007 ; perimeter
G1 X134.608 Y116.974 E327.50361 ; perimeter
G1 X134.005 Y116.885 E327.5541 ; perimeter
G1 X133.817 Y116.785 E327.57174 ; perimeter
G1 X133.658 Y117.075 ; move to first perimeter point
;TYPE:External perimeter
G1 X133.422 Y116.949 E327.5939 ; perimeter
G1 X133.251 Y116.786 E327.61347 ; perimeter
G1 X132.999 Y116.489 E327.64574 ; perimeter
G1 X132.772 Y116.026 E327.68846 ; perimeter
G1 X132.695 Y115.582 E327.72579 ; perimeter
G1 X132.695 Y109.42 E328.23623 ; perimeter
G1 X132.8 Y108.892 E328.28082 ; perimeter
G1 X133.05 Y108.425 E328.3247 ; perimeter
G1 X133.429 Y108.045 E328.36916 ; perimeter
G1 X133.812 Y107.841 E328.40511 ; perimeter
G1 X134.323 Y107.702 E328.44898 ; perimeter
G1 X140.423 Y107.694 E328.95429 ; perimeter
G1 X140.689 Y107.709 E328.97636 ; perimeter
G1 X141.191 Y107.831 E329.01915 ; perimeter
G1 X141.609 Y108.079 E329.05941 ; perimeter
G1 X141.949 Y108.421 E329.09936 ; perimeter
G1 X142.202 Y108.895 E329.14387 ; perimeter
G1 X142.252 Y109.097 E329.16111 ; perimeter
G1 X142.307 Y109.577 E329.20113 ; perimeter
G1 X142.305 Y115.58 E329.6984 ; perimeter
G1 X142.2 Y116.108 E329.74299 ; perimeter
G1 X141.949 Y116.579 E329.7872 ; perimeter
G1 X141.714 Y116.837 E329.81611 ; perimeter
G1 X141.354 Y117.091 E329.85261 ; perimeter
G1 X141.006 Y117.216 E329.88324 ; perimeter
G1 X140.586 Y117.305 E329.9188 ; perimeter
G1 X134.42 Y117.305 E330.42957 ; perimeter
G1 X133.892 Y117.2 E330.47416 ; perimeter
G1 X133.724 Y117.111 E330.48991 ; perimeter
G1 X133.312 Y116.828 ; move inwards before travel
G1 X134.02 Y115.894 ; move to first infill point
;TYPE:Internal infill
;WIDTH:0.385
G1 X134.02 Y109.55 E331.01543 ; infill
G1 X134.126 Y109.223 E331.04391 ; infill
G1 X134.352 Y109.052 E331.06739 ; infill
G1 X134.352 Y115.94 E331.63797 ; infill
G1 X134.683 Y115.98 E331.66559 ; infill
G1 X134.683 Y109.027 E332.24156 ; infill
G1 X135.015 Y109.027 E332.26906 ; infill
G1 X135.015 Y115.98 E332.84503 ; infill
G1 X135.346 Y115.98 E332.87245 ; infill
G1 X135.346 Y109.027 E333.44842 ; infill
G1 X135.678 Y109.027 E333.47592 ; infill
G1 X135.678 Y115.98 E334.05189 ; infill
G1 X136.009 Y115.98 E334.07931 ; infill
G1 X136.009 Y109.027 E334.65528 ; infill
G1 X136.341 Y109.026 E334.68278 ; infill
G1 X136.341 Y115.98 E335.25883 ; infill
G1 X136.672 Y115.98 E335.28625 ; infill
G1 X136.672 Y109.026 E335.8623 ; infill
G1 X137.004 Y109.026 E335.8898 ; infill
G1 X137.004 Y115.98 E336.46585 ; infill
G1 X137.335 Y115.98 E336.49327 ; infill
G1 X137.335 Y109.026 E337.06932 ; infill
G1 X137.667 Y109.026 E337.09682 ; infill
G1 X137.667 Y115.98 E337.67287 ; infill
G1 X137.998 Y115.98 E337.70029 ; infill
G1 X137.998 Y109.025 E338.27642 ; infill
G1 X138.33 Y109.025 E338.30392 ; infill
G1 X138.33 Y115.98 E338.88005 ; infill
G1 X138.661 Y115.98 E338.90747 ; infill
G1 X138.661 Y109.025 E339.4836 ; infill
G1 X138.993 Y109.025 E339.5111 ; infill
G1 X138.993 Y115.98 E340.08723 ; infill
G1 X139.324 Y115.98 E340.11465 ; infill
G1 X139.324 Y109.025 E340.69078 ; infill
G1 X139.656 Y109.025 E340.71828 ; infill
G1 X139.656 Y115.98 E341.29441 ; infill
G1 X139.987 Y115.98 E341.32183 ; infill
G1 X139.987 Y109.024 E341.89805 ; infill
G1 X140.319 Y109.024 E341.92555 ; infill
G1 X140.319 Y115.98 E342.50177 ; infill
G1 X140.65 Y115.93 E342.5295 ; infill
G1 X140.65 Y109.056 E343.09892 ; infill
G1 X140.859 Y109.195 E343.11971 ; infill
G1 X140.982 Y109.561 E343.15169 ; infill
G1 X140.982 Y115.892 E343.67613 ; infill
;LAYER_CHANGE
;Z:4.25
;HEIGHT:0.25
;announce new layer <16>
;---
M756 S0.25
M790 ;execute any new layer actions
;---
G1 Z4.25 F1500 ; simple layer change
G1 X141.099 Y115.992 ; travel to first layer point
;TYPE:Perimeter
;WIDTH:0.384999
G1 X140.946 Y116.174 E343.69583 ; perimeter
G1 X140.525 Y116.311 E343.7325 ; perimeter
G1 X134.608 Y116.311 E344.22265 ; perimeter
G1 X134.347 Y116.277 E344.24445 ; perimeter
G1 X134.01 Y116.136 E344.27471 ; perimeter
G1 X133.788 Y115.881 E344.30272 ; perimeter
G1 X133.689 Y115.497 E344.33557 ; perimeter
G1 X133.689 Y109.607 E344.82348 ; perimeter
G1 X133.723 Y109.348 E344.84512 ; perimeter
G1 X133.864 Y109.01 E344.87546 ; perimeter
G1 X134.119 Y108.788 E344.90347 ; perimeter
G1 X134.422 Y108.696 E344.9297 ; perimeter
G1 X140.425 Y108.688 E345.42697 ; perimeter
G1 X140.738 Y108.732 E345.45315 ; perimeter
G1 X141.033 Y108.891 E345.48091 ; perimeter
G1 X141.267 Y109.256 E345.51683 ; perimeter
G1 X141.313 Y109.576 E345.54361 ; perimeter
G1 X141.311 Y115.482 E346.03285 ; perimeter
G1 X141.199 Y115.873 E346.06654 ; perimeter
G1 X141.147 Y115.934 E346.07318 ; perimeter
G1 X141.438 Y116.127 ; move to first perimeter point
G1 X141.412 Y116.176 E346.07778 ; perimeter
G1 X141.065 Y116.491 E346.1166 ; perimeter
G1 X140.546 Y116.642 E346.16138 ; perimeter
G1 X134.608 Y116.642 E346.65327 ; perimeter
G1 X134.117 Y116.569 E346.69439 ; perimeter
G1 X133.814 Y116.407 E346.72285 ; perimeter
G1 X133.613 Y116.215 E346.74588 ; perimeter
G1 X133.456 Y115.945 E346.77175 ; perimeter
G1 X133.358 Y115.525 E346.80748 ; perimeter
G1 X133.358 Y109.607 E347.29771 ; perimeter
G1 X133.398 Y109.284 E347.32467 ; perimeter
G1 X133.511 Y108.968 E347.35247 ; perimeter
G1 X133.695 Y108.707 E347.37892 ; perimeter
G1 X133.962 Y108.494 E347.40721 ; perimeter
G1 X134.389 Y108.365 E347.44416 ; perimeter
G1 X140.424 Y108.357 E347.94408 ; perimeter
G1 X140.717 Y108.379 E347.96842 ; perimeter
G1 X141.031 Y108.496 E347.99618 ; perimeter
G1 X141.308 Y108.701 E348.02473 ; perimeter
G1 X141.579 Y109.135 E348.06711 ; perimeter
G1 X141.645 Y109.576 E348.10405 ; perimeter
G1 X141.642 Y115.392 E348.58583 ; perimeter
G1 X141.569 Y115.883 E348.62695 ; perimeter
G1 X141.474 Y116.061 E348.64366 ; perimeter
G1 X141.749 Y116.249 ; move to first perimeter point
G1 X141.681 Y116.376 E348.65559 ; perimeter
G1 X141.363 Y116.694 E348.69284 ; perimeter
G1 X140.99 Y116.87 E348.72701 ; perimeter
G1 X140.566 Y116.974 E348.76317 ; perimeter
G1 X134.608 Y116.974 E349.25671 ; perimeter
G1 X134.005 Y116.885 E349.3072 ; perimeter
G1 X133.618 Y116.678 E349.34356 ; perimeter
G1 X133.358 Y116.43 E349.37332 ; perimeter
G1 X133.149 Y116.072 E349.40766 ; perimeter
G1 X133.026 Y115.554 E349.45176 ; perimeter
G1 X133.026 Y109.607 E349.94439 ; perimeter
G1 X133.115 Y109.005 E349.9948 ; perimeter
G1 X133.322 Y108.618 E350.03116 ; perimeter
G1 X133.57 Y108.358 E350.06092 ; perimeter
G1 X133.928 Y108.149 E350.09526 ; perimeter
G1 X134.356 Y108.033 E350.13199 ; perimeter
G1 X140.535 Y108.025 E350.64384 ; perimeter
G1 X140.912 Y108.092 E350.67556 ; perimeter
G1 X141.324 Y108.278 E350.71301 ; perimeter
G1 X141.554 Y108.479 E350.73831 ; perimeter
G1 X141.767 Y108.785 E350.76919 ; perimeter
G1 X141.931 Y109.177 E350.80439 ; perimeter
G1 X141.976 Y109.577 E350.83773 ; perimeter
G1 X141.974 Y115.392 E351.31943 ; perimeter
G1 X141.885 Y115.995 E351.36992 ; perimeter
G1 X141.785 Y116.183 E351.38756 ; perimeter
G1 X142.075 Y116.342 ; move to first perimeter point
;TYPE:External perimeter
G1 X141.95 Y116.575 E351.40946 ; perimeter
G1 X141.464 Y117.022 E351.46416 ; perimeter
G1 X141.006 Y117.216 E351.50536 ; perimeter
G1 X140.586 Y117.305 E351.54092 ; perimeter
G1 X134.42 Y117.305 E352.05169 ; perimeter
G1 X133.892 Y117.2 E352.09628 ; perimeter
G1 X133.422 Y116.949 E352.14042 ; perimeter
G1 X133.251 Y116.786 E352.15999 ; perimeter
G1 X132.999 Y116.489 E352.19226 ; perimeter
G1 X132.772 Y116.026 E352.23498 ; perimeter
G1 X132.695 Y115.582 E352.27231 ; perimeter
G1 X132.695 Y109.42 E352.78275 ; perimeter
G1 X132.8 Y108.892 E352.82734 ; perimeter
G1 X133.051 Y108.423 E352.8714 ; perimeter
G1 X133.355 Y108.103 E352.90796 ; perimeter
G1 X133.816 Y107.837 E352.95205 ; perimeter
G1 X134.323 Y107.702 E352.99551 ; perimeter
G1 X140.423 Y107.694 E353.50082 ; perimeter
G1 X140.689 Y107.709 E353.52289 ; perimeter
G1 X141.191 Y107.831 E353.56568 ; perimeter
G1 X141.609 Y108.079 E353.60594 ; perimeter
G1 X141.949 Y108.421 E353.64589 ; perimeter
G1 X142.202 Y108.895 E353.6904 ; perimeter
G1 X142.252 Y109.097 E353.70764 ; perimeter
G1 X142.307 Y109.577 E353.74766 ; perimeter
G1 X142.305 Y115.58 E354.24493 ; perimeter
G1 X142.2 Y116.108 E354.28952 ; perimeter
G1 X142.111 Y116.276 E354.30527 ; perimeter
G1 X141.817 Y116.68 ; move inwards before travel
G1 X140.906 Y109.032 ; move to first infill point
;TYPE:Internal infill
;WIDTH:0.385
G1 X134.448 Y109.032 E354.84023 ; infill
G1 X134.214 Y109.123 E354.86103 ; infill
G1 X134.054 Y109.379 E354.88604 ; infill
G1 X140.954 Y109.379 E355.45762 ; infill
G1 X140.982 Y109.726 E355.48646 ; infill
G1 X134.02 Y109.726 E356.06317 ; infill
G1 X134.02 Y110.073 E356.09191 ; infill
G1 X140.982 Y110.073 E356.66862 ; infill
G1 X140.982 Y110.42 E356.69736 ; infill
G1 X134.02 Y110.42 E357.27407 ; infill
G1 X134.02 Y110.767 E357.30281 ; infill
G1 X140.982 Y110.767 E357.87952 ; infill
G1 X140.981 Y111.114 E357.90826 ; infill
G1 X134.02 Y111.114 E358.48489 ; infill
G1 X134.02 Y111.461 E358.51363 ; infill
G1 X140.981 Y111.461 E359.09026 ; infill
G1 X140.981 Y111.808 E359.119 ; infill
G1 X134.02 Y111.808 E359.69563 ; infill
G1 X134.02 Y112.155 E359.72437 ; infill
G1 X140.981 Y112.155 E360.301 ; infill
G1 X140.981 Y112.502 E360.32974 ; infill
G1 X134.02 Y112.502 E360.90637 ; infill
G1 X134.02 Y112.849 E360.93511 ; infill
G1 X140.981 Y112.849 E361.51174 ; infill
G1 X140.981 Y113.196 E361.54048 ; infill
G1 X134.02 Y113.196 E362.11711 ; infill
G1 X134.02 Y113.543 E362.14585 ; infill
G1 X140.981 Y113.543 E362.72248 ; infill
G1 X140.98 Y113.89 E362.75122 ; infill
G1 X134.02 Y113.89 E363.32777 ; infill
G1 X134.02 Y114.237 E363.35651 ; infill
G1 X140.98 Y114.237 E363.93306 ; infill
G1 X140.98 Y114.584 E363.9618 ; infill
G1 X134.02 Y114.584 E364.53835 ; infill
G1 X134.02 Y114.931 E364.56709 ; infill
G1 X140.98 Y114.931 E365.14364 ; infill
G1 X140.98 Y115.278 E365.17238 ; infill
G1 X134.02 Y115.278 E365.74893 ; infill
G1 X134.047 Y115.625 E365.77776 ; infill
G1 X140.945 Y115.625 E366.34917 ; infill
G1 X140.755 Y115.896 E366.37659 ; infill
G1 X140.514 Y115.972 E366.39752 ; infill
G1 X134.102 Y115.972 E366.92867 ; infill
;LAYER_CHANGE
;Z:4.5
;HEIGHT:0.25
;announce new layer <17>
;---
M756 S0.25
M790 ;execute any new layer actions
;---
G1 Z4.5 F1500 ; simple layer change
G1 X133.988 Y116.114 ; travel to first layer point
;TYPE:Perimeter
;WIDTH:0.384999
G1 X133.801 Y115.899 E366.95227 ; perimeter
G1 X133.689 Y115.525 E366.98461 ; perimeter
G1 X133.689 Y109.607 E367.47484 ; perimeter
G1 X133.723 Y109.348 E367.49648 ; perimeter
G1 X133.866 Y109.006 E367.52719 ; perimeter
G1 X134.125 Y108.785 E367.55539 ; perimeter
G1 X134.422 Y108.696 E367.58107 ; perimeter
G1 X140.425 Y108.688 E368.07834 ; perimeter
G1 X140.739 Y108.733 E368.10462 ; perimeter
G1 X141.033 Y108.891 E368.13227 ; perimeter
G1 X141.275 Y109.28 E368.17022 ; perimeter
G1 X141.313 Y109.576 E368.19494 ; perimeter
G1 X141.311 Y115.392 E368.67672 ; perimeter
G1 X141.277 Y115.652 E368.69844 ; perimeter
G1 X141.13 Y116.002 E368.72989 ; perimeter
G1 X140.875 Y116.212 E368.75725 ; perimeter
G1 X140.504 Y116.311 E368.78906 ; perimeter
G1 X134.608 Y116.311 E369.27747 ; perimeter
G1 X134.346 Y116.277 E369.29936 ; perimeter
G1 X134.051 Y116.153 E369.32587 ; perimeter
G1 X133.884 Y116.422 ; move to first perimeter point
G1 X133.715 Y116.316 E369.3424 ; perimeter
G1 X133.504 Y116.05 E369.37053 ; perimeter
G1 X133.358 Y115.546 E369.414 ; perimeter
G1 X133.358 Y109.607 E369.90597 ; perimeter
G1 X133.398 Y109.284 E369.93293 ; perimeter
G1 X133.511 Y108.968 E369.96073 ; perimeter
G1 X133.686 Y108.713 E369.98635 ; perimeter
G1 X133.966 Y108.492 E370.0159 ; perimeter
G1 X134.389 Y108.365 E370.05249 ; perimeter
G1 X140.424 Y108.357 E370.55241 ; perimeter
G1 X140.717 Y108.38 E370.57676 ; perimeter
G1 X141.065 Y108.515 E370.60768 ; perimeter
G1 X141.319 Y108.713 E370.63436 ; perimeter
G1 X141.588 Y109.163 E370.67779 ; perimeter
G1 X141.645 Y109.576 E370.71233 ; perimeter
G1 X141.642 Y115.392 E371.19411 ; perimeter
G1 X141.602 Y115.716 E371.22115 ; perimeter
G1 X141.489 Y116.032 E371.24895 ; perimeter
G1 X141.273 Y116.338 E371.27998 ; perimeter
G1 X140.911 Y116.555 E371.31494 ; perimeter
G1 X140.531 Y116.642 E371.34723 ; perimeter
G1 X134.608 Y116.642 E371.83788 ; perimeter
G1 X134.117 Y116.569 E371.879 ; perimeter
G1 X133.947 Y116.462 E371.89564 ; perimeter
G1 X133.751 Y116.749 ; move to first perimeter point
G1 X133.616 Y116.677 E371.90831 ; perimeter
G1 X133.299 Y116.338 E371.94676 ; perimeter
G1 X133.13 Y115.99 E371.97881 ; perimeter
G1 X133.026 Y115.566 E372.01497 ; perimeter
G1 X133.026 Y109.607 E372.5086 ; perimeter
G1 X133.115 Y109.005 E372.55901 ; perimeter
G1 X133.323 Y108.616 E372.59555 ; perimeter
G1 X133.546 Y108.378 E372.62257 ; perimeter
G1 X133.944 Y108.143 E372.66086 ; perimeter
G1 X134.356 Y108.033 E372.69618 ; perimeter
G1 X140.532 Y108.025 E373.20778 ; perimeter
G1 X140.911 Y108.092 E373.23966 ; perimeter
G1 X141.324 Y108.278 E373.27718 ; perimeter
G1 X141.554 Y108.479 E373.30248 ; perimeter
G1 X141.749 Y108.756 E373.33054 ; perimeter
G1 X141.935 Y109.19 E373.36965 ; perimeter
G1 X141.976 Y109.577 E373.40189 ; perimeter
G1 X141.974 Y115.392 E373.88359 ; perimeter
G1 X141.885 Y115.995 E373.93408 ; perimeter
G1 X141.676 Y116.387 E373.97088 ; perimeter
G1 X141.389 Y116.661 E374.00375 ; perimeter
G1 X141.032 Y116.863 E374.03773 ; perimeter
G1 X140.557 Y116.974 E374.07814 ; perimeter
G1 X134.608 Y116.974 E374.57094 ; perimeter
G1 X134.005 Y116.885 E374.62143 ; perimeter
G1 X133.817 Y116.785 E374.63907 ; perimeter
G1 X133.658 Y117.075 ; move to first perimeter point
;TYPE:External perimeter
G1 X133.422 Y116.949 E374.66123 ; perimeter
G1 X133.125 Y116.671 E374.69493 ; perimeter
G1 X132.909 Y116.354 E374.72671 ; perimeter
G1 X132.784 Y116.006 E374.75734 ; perimeter
G1 X132.695 Y115.586 E374.7929 ; perimeter
G1 X132.695 Y109.42 E375.30367 ; perimeter
G1 X132.8 Y108.892 E375.34826 ; perimeter
G1 X133.051 Y108.422 E375.3924 ; perimeter
G1 X133.203 Y108.26 E375.4108 ; perimeter
G1 X133.481 Y108.021 E375.44117 ; perimeter
G1 X133.817 Y107.837 E375.4729 ; perimeter
G1 X134.323 Y107.702 E375.51628 ; perimeter
G1 X140.423 Y107.694 E376.02159 ; perimeter
G1 X140.689 Y107.71 E376.04366 ; perimeter
G1 X141.191 Y107.831 E376.08644 ; perimeter
G1 X141.609 Y108.079 E376.1267 ; perimeter
G1 X141.948 Y108.42 E376.16653 ; perimeter
G1 X142.125 Y108.76 E376.19828 ; perimeter
G1 X142.257 Y109.112 E376.22942 ; perimeter
G1 X142.307 Y109.577 E376.26816 ; perimeter
G1 X142.305 Y115.58 E376.76543 ; perimeter
G1 X142.2 Y116.108 E376.81002 ; perimeter
G1 X141.949 Y116.579 E376.85423 ; perimeter
G1 X141.714 Y116.837 E376.88314 ; perimeter
G1 X141.351 Y117.093 E376.91994 ; perimeter
G1 X140.971 Y117.243 E376.95378 ; perimeter
G1 X140.583 Y117.305 E376.98633 ; perimeter
G1 X134.42 Y117.305 E377.49686 ; perimeter
G1 X133.892 Y117.2 E377.54145 ; perimeter
G1 X133.724 Y117.111 E377.5572 ; perimeter
G1 X133.311 Y116.83 ; move inwards before travel
G1 X134.02 Y115.896 ; move to first infill point
;TYPE:Internal infill
;WIDTH:0.385
G1 X134.02 Y109.55 E378.08289 ; infill
G1 X134.138 Y109.201 E378.11341 ; infill
G1 X134.352 Y109.06 E378.13464 ; infill
G1 X134.352 Y115.94 E378.70456 ; infill
G1 X134.683 Y115.98 E378.73218 ; infill
G1 X134.683 Y109.027 E379.30815 ; infill
G1 X135.015 Y109.027 E379.33565 ; infill
G1 X135.015 Y115.98 E379.91162 ; infill
G1 X135.346 Y115.98 E379.93904 ; infill
G1 X135.346 Y109.027 E380.51501 ; infill
G1 X135.678 Y109.027 E380.54251 ; infill
G1 X135.678 Y115.98 E381.11848 ; infill
G1 X136.009 Y115.98 E381.1459 ; infill
G1 X136.009 Y109.026 E381.72195 ; infill
G1 X136.341 Y109.026 E381.74945 ; infill
G1 X136.341 Y115.98 E382.3255 ; infill
G1 X136.672 Y115.98 E382.35292 ; infill
G1 X136.672 Y109.026 E382.92897 ; infill
G1 X137.004 Y109.026 E382.95647 ; infill
G1 X137.004 Y115.98 E383.53252 ; infill
G1 X137.335 Y115.98 E383.55994 ; infill
G1 X137.335 Y109.026 E384.13599 ; infill
G1 X137.667 Y109.025 E384.16349 ; infill
G1 X137.667 Y115.98 E384.73962 ; infill
G1 X137.998 Y115.98 E384.76704 ; infill
G1 X137.998 Y109.025 E385.34317 ; infill
G1 X138.33 Y109.025 E385.37067 ; infill
G1 X138.33 Y115.98 E385.9468 ; infill
G1 X138.661 Y115.98 E385.97422 ; infill
G1 X138.661 Y109.025 E386.55035 ; infill
G1 X138.993 Y109.025 E386.57785 ; infill
G1 X138.993 Y115.98 E387.15398 ; infill
G1 X139.324 Y115.98 E387.1814 ; infill
G1 X139.324 Y109.025 E387.75753 ; infill
G1 X139.656 Y109.024 E387.78503 ; infill
G1 X139.656 Y115.98 E388.36125 ; infill
G1 X139.987 Y115.98 E388.38867 ; infill
G1 X139.987 Y109.024 E388.96489 ; infill
G1 X140.319 Y109.024 E388.99239 ; infill
G1 X140.319 Y115.98 E389.56861 ; infill
G1 X140.65 Y115.945 E389.59618 ; infill
G1 X140.65 Y109.056 E390.16685 ; infill
G1 X140.854 Y109.189 E390.18702 ; infill
G1 X140.982 Y109.56 E390.21953 ; infill
G1 X140.982 Y115.892 E390.74406 ; infill
;LAYER_CHANGE
;Z:4.75
;HEIGHT:0.25
;announce new layer <18>
;---
M756 S0.25
M790 ;execute any new layer actions
;---
G1 Z4.75 F1500 ; simple layer change
G1 X141.099 Y115.992 ; travel to first layer point
;TYPE:Perimeter
;WIDTH:0.384999
G1 X140.955 Y116.166 E390.76277 ; perimeter
G1 X140.532 Y116.311 E390.79981 ; perimeter
G1 X134.608 Y116.311 E391.29054 ; perimeter
G1 X134.344 Y116.276 E391.3126 ; perimeter
G1 X134.01 Y116.136 E391.3426 ; perimeter
G1 X133.841 Y115.96 E391.36281 ; perimeter
G1 X133.689 Y115.533 E391.40036 ; perimeter
G1 X133.689 Y109.607 E391.89125 ; perimeter
G1 X133.723 Y109.348 E391.91289 ; perimeter
G1 X133.866 Y109.005 E391.94367 ; perimeter
G1 X134.125 Y108.785 E391.97182 ; perimeter
G1 X134.422 Y108.696 E391.9975 ; perimeter
G1 X140.424 Y108.688 E392.49469 ; perimeter
G1 X140.72 Y108.727 E392.51942 ; perimeter
G1 X141.033 Y108.891 E392.54869 ; perimeter
G1 X141.267 Y109.256 E392.58461 ; perimeter
G1 X141.313 Y109.576 E392.61139 ; perimeter
G1 X141.311 Y115.482 E393.10063 ; perimeter
G1 X141.199 Y115.872 E393.13424 ; perimeter
G1 X141.147 Y115.934 E393.14094 ; perimeter
G1 X141.438 Y116.127 ; move to first perimeter point
G1 X141.412 Y116.176 E393.14554 ; perimeter
G1 X141.07 Y116.487 E393.18383 ; perimeter
G1 X140.551 Y116.642 E393.2287 ; perimeter
G1 X134.608 Y116.642 E393.721 ; perimeter
G1 X134.117 Y116.569 E393.76212 ; perimeter
G1 X133.814 Y116.407 E393.79058 ; perimeter
G1 X133.509 Y116.06 E393.82885 ; perimeter
G1 X133.358 Y115.551 E393.87283 ; perimeter
G1 X133.358 Y109.607 E394.36521 ; perimeter
G1 X133.398 Y109.284 E394.39217 ; perimeter
G1 X133.511 Y108.968 E394.41997 ; perimeter
G1 X133.685 Y108.714 E394.44547 ; perimeter
G1 X133.967 Y108.492 E394.4752 ; perimeter
G1 X134.389 Y108.365 E394.51171 ; perimeter
G1 X140.424 Y108.357 E395.01163 ; perimeter
G1 X140.717 Y108.38 E395.03598 ; perimeter
G1 X141.031 Y108.496 E395.06371 ; perimeter
G1 X141.308 Y108.701 E395.09226 ; perimeter
G1 X141.579 Y109.135 E395.13464 ; perimeter
G1 X141.645 Y109.576 E395.17158 ; perimeter
G1 X141.642 Y115.392 E395.65336 ; perimeter
G1 X141.569 Y115.883 E395.69448 ; perimeter
G1 X141.474 Y116.061 E395.71119 ; perimeter
G1 X141.749 Y116.249 ; move to first perimeter point
G1 X141.681 Y116.376 E395.72312 ; perimeter
G1 X141.363 Y116.694 E395.76037 ; perimeter
G1 X141.128 Y116.818 E395.78238 ; perimeter
G1 X140.569 Y116.974 E395.83046 ; perimeter
G1 X134.608 Y116.974 E396.32425 ; perimeter
G1 X134.005 Y116.885 E396.37474 ; perimeter
G1 X133.618 Y116.678 E396.4111 ; perimeter
G1 X133.358 Y116.43 E396.44086 ; perimeter
G1 X133.163 Y116.071 E396.4747 ; perimeter
G1 X133.026 Y115.569 E396.51781 ; perimeter
G1 X133.026 Y109.607 E397.01169 ; perimeter
G1 X133.115 Y109.005 E397.0621 ; perimeter
G1 X133.323 Y108.616 E397.09864 ; perimeter
G1 X133.544 Y108.38 E397.12542 ; perimeter
G1 X133.944 Y108.143 E397.16393 ; perimeter
G1 X134.356 Y108.033 E397.19925 ; perimeter
G1 X140.53 Y108.025 E397.71069 ; perimeter
G1 X140.913 Y108.093 E397.74291 ; perimeter
G1 X141.324 Y108.278 E397.78025 ; perimeter
G1 X141.554 Y108.479 E397.80555 ; perimeter
G1 X141.767 Y108.785 E397.83643 ; perimeter
G1 X141.931 Y109.177 E397.87163 ; perimeter
G1 X141.976 Y109.577 E397.90497 ; perimeter
G1 X141.974 Y115.392 E398.38667 ; perimeter
G1 X141.885 Y115.995 E398.43716 ; perimeter
G1 X141.785 Y116.183 E398.4548 ; perimeter
G1 X142.075 Y116.342 ; move to first perimeter point
;TYPE:External perimeter
G1 X141.95 Y116.575 E398.4767 ; perimeter
G1 X141.468 Y117.02 E398.53104 ; perimeter
G1 X141.021 Y117.204 E398.57108 ; perimeter
G1 X140.587 Y117.305 E398.60799 ; perimeter
G1 X134.42 Y117.305 E399.11885 ; perimeter
G1 X133.892 Y117.2 E399.16344 ; perimeter
G1 X133.422 Y116.949 E399.20758 ; perimeter
G1 X133.218 Y116.754 E399.23096 ; perimeter
G1 X132.91 Y116.356 E399.27265 ; perimeter
G1 X132.796 Y116.021 E399.30196 ; perimeter
G1 X132.695 Y115.587 E399.33887 ; perimeter
G1 X132.695 Y109.42 E399.84973 ; perimeter
G1 X132.8 Y108.892 E399.89432 ; perimeter
G1 X133.051 Y108.422 E399.93846 ; perimeter
G1 X133.202 Y108.261 E399.95674 ; perimeter
G1 X133.478 Y108.024 E399.98688 ; perimeter
G1 X133.817 Y107.837 E400.01895 ; perimeter
G1 X134.323 Y107.702 E400.06233 ; perimeter
G1 X140.423 Y107.694 E400.56764 ; perimeter
G1 X140.688 Y107.71 E400.58963 ; perimeter
G1 X141.191 Y107.831 E400.63249 ; perimeter
G1 X141.609 Y108.079 E400.67275 ; perimeter
G1 X141.949 Y108.421 E400.7127 ; perimeter
G1 X142.202 Y108.895 E400.75721 ; perimeter
G1 X142.252 Y109.097 E400.77445 ; perimeter
G1 X142.307 Y109.577 E400.81447 ; perimeter
G1 X142.305 Y115.58 E401.31174 ; perimeter
G1 X142.2 Y116.108 E401.35633 ; perimeter
G1 X142.111 Y116.276 E401.37208 ; perimeter
G1 X141.817 Y116.68 ; move inwards before travel
G1 X140.906 Y109.032 ; move to first infill point
;TYPE:Internal infill
;WIDTH:0.385
G1 X134.448 Y109.032 E401.90704 ; infill
G1 X134.195 Y109.139 E401.9298 ; infill
G1 X134.054 Y109.379 E401.95286 ; infill
G1 X140.954 Y109.379 E402.52444 ; infill
G1 X140.982 Y109.726 E402.55328 ; infill
G1 X134.02 Y109.726 E403.12999 ; infill
G1 X134.02 Y110.073 E403.15873 ; infill
G1 X140.982 Y110.073 E403.73544 ; infill
G1 X140.982 Y110.42 E403.76418 ; infill
G1 X134.02 Y110.42 E404.34089 ; infill
G1 X134.02 Y110.767 E404.36963 ; infill
G1 X140.982 Y110.767 E404.94634 ; infill
G1 X140.981 Y111.114 E404.97508 ; infill
G1 X134.02 Y111.114 E405.55171 ; infill
G1 X134.02 Y111.461 E405.58045 ; infill
G1 X140.981 Y111.461 E406.15708 ; infill
G1 X140.981 Y111.808 E406.18582 ; infill
G1 X134.02 Y111.808 E406.76245 ; infill
G1 X134.02 Y112.155 E406.79119 ; infill
G1 X140.981 Y112.155 E407.36782 ; infill
G1 X140.981 Y112.502 E407.39656 ; infill
G1 X134.02 Y112.502 E407.97319 ; infill
G1 X134.02 Y112.849 E408.00193 ; infill
G1 X140.981 Y112.849 E408.57856 ; infill
G1 X140.981 Y113.196 E408.6073 ; infill
G1 X134.02 Y113.196 E409.18393 ; infill
G1 X134.02 Y113.543 E409.21267 ; infill
G1 X140.981 Y113.543 E409.7893 ; infill
G1 X140.98 Y113.89 E409.81804 ; infill
G1 X134.02 Y113.89 E410.39459 ; infill
G1 X134.02 Y114.237 E410.42333 ; infill
G1 X140.98 Y114.237 E410.99988 ; infill
G1 X140.98 Y114.584 E411.02862 ; infill
G1 X134.02 Y114.584 E411.60517 ; infill
G1 X134.02 Y114.931 E411.63391 ; infill
G1 X140.98 Y114.931 E412.21046 ; infill
G1 X140.98 Y115.278 E412.2392 ; infill
G1 X134.02 Y115.278 E412.81575 ; infill
G1 X134.063 Y115.625 E412.84471 ; infill
G1 X140.945 Y115.625 E413.4148 ; infill
G1 X140.758 Y115.893 E413.44187 ; infill
G1 X140.52 Y115.972 E413.46264 ; infill
G1 X134.104 Y115.972 E413.99412 ; infill
;LAYER_CHANGE
;Z:5
;HEIGHT:0.25
;announce new layer <19>
;---
M756 S0.25
M790 ;execute any new layer actions
;---
G1 Z5 F1500 ; simple layer change
G1 X133.993 Y116.119 ; travel to first layer point
;TYPE:Perimeter
;WIDTH:0.384999
G1 X133.806 Y115.905 E414.01766 ; perimeter
G1 X133.689 Y115.532 E414.05004 ; perimeter
G1 X133.689 Y109.607 E414.54085 ; perimeter
G1 X133.723 Y109.348 E414.56249 ; perimeter
G1 X133.866 Y109.005 E414.59327 ; perimeter
G1 X134.126 Y108.785 E414.62148 ; perimeter
G1 X134.422 Y108.696 E414.64708 ; perimeter
G1 X140.424 Y108.688 E415.14427 ; perimeter
G1 X140.753 Y108.737 E415.17182 ; perimeter
G1 X141.051 Y108.906 E415.2002 ; perimeter
G1 X141.257 Y109.214 E415.23089 ; perimeter
G1 X141.313 Y109.576 E415.26123 ; perimeter
G1 X141.311 Y115.482 E415.75047 ; perimeter
G1 X141.199 Y115.873 E415.78416 ; perimeter
G1 X140.946 Y116.174 E415.81673 ; perimeter
G1 X140.525 Y116.311 E415.8534 ; perimeter
G1 X134.608 Y116.311 E416.34355 ; perimeter
G1 X134.344 Y116.276 E416.36561 ; perimeter
G1 X134.057 Y116.155 E416.39141 ; perimeter
G1 X133.884 Y116.423 ; move to first perimeter point
G1 X133.718 Y116.319 E416.40764 ; perimeter
G1 X133.507 Y116.055 E416.43564 ; perimeter
G1 X133.358 Y115.551 E416.47918 ; perimeter
G1 X133.358 Y109.607 E416.97156 ; perimeter
G1 X133.431 Y109.117 E417.0126 ; perimeter
G1 X133.684 Y108.715 E417.05195 ; perimeter
G1 X133.967 Y108.492 E417.0818 ; perimeter
G1 X134.389 Y108.365 E417.11831 ; perimeter
G1 X140.424 Y108.357 E417.61823 ; perimeter
G1 X140.717 Y108.38 E417.64258 ; perimeter
G1 X141.106 Y108.533 E417.67721 ; perimeter
G1 X141.376 Y108.768 E417.70686 ; perimeter
G1 X141.571 Y109.105 E417.73911 ; perimeter
G1 X141.645 Y109.576 E417.7786 ; perimeter
G1 X141.642 Y115.392 E418.26038 ; perimeter
G1 X141.569 Y115.883 E418.3015 ; perimeter
G1 X141.412 Y116.176 E418.32904 ; perimeter
G1 X141.065 Y116.491 E418.36786 ; perimeter
G1 X140.546 Y116.642 E418.41264 ; perimeter
G1 X134.608 Y116.642 E418.90453 ; perimeter
G1 X134.117 Y116.569 E418.94565 ; perimeter
G1 X133.947 Y116.462 E418.96229 ; perimeter
G1 X133.751 Y116.749 ; move to first perimeter point
G1 X133.616 Y116.677 E418.97496 ; perimeter
G1 X133.305 Y116.345 E419.01264 ; perimeter
G1 X133.153 Y116.044 E419.04057 ; perimeter
G1 X133.026 Y115.569 E419.0813 ; perimeter
G1 X133.026 Y109.607 E419.57518 ; perimeter
G1 X133.115 Y109.005 E419.62559 ; perimeter
G1 X133.323 Y108.616 E419.66213 ; perimeter
G1 X133.542 Y108.382 E419.68868 ; perimeter
G1 X133.944 Y108.143 E419.72742 ; perimeter
G1 X134.356 Y108.033 E419.76274 ; perimeter
G1 X140.612 Y108.035 E420.28097 ; perimeter
G1 X141.067 Y108.139 E420.31963 ; perimeter
G1 X141.493 Y108.41 E420.36145 ; perimeter
G1 X141.803 Y108.811 E420.40344 ; perimeter
G1 X141.911 Y109.096 E420.42869 ; perimeter
G1 X141.976 Y109.577 E420.4689 ; perimeter
G1 X141.974 Y115.392 E420.9506 ; perimeter
G1 X141.885 Y115.995 E421.00109 ; perimeter
G1 X141.681 Y116.376 E421.03689 ; perimeter
G1 X141.363 Y116.694 E421.07414 ; perimeter
G1 X140.99 Y116.87 E421.10831 ; perimeter
G1 X140.566 Y116.974 E421.14447 ; perimeter
G1 X134.608 Y116.974 E421.63801 ; perimeter
G1 X134.005 Y116.885 E421.6885 ; perimeter
G1 X133.817 Y116.785 E421.70614 ; perimeter
G1 X133.658 Y117.075 ; move to first perimeter point
;TYPE:External perimeter
G1 X133.422 Y116.949 E421.7283 ; perimeter
G1 X133.129 Y116.675 E421.76153 ; perimeter
G1 X132.909 Y116.355 E421.7937 ; perimeter
G1 X132.796 Y116.023 E421.82275 ; perimeter
G1 X132.695 Y115.587 E421.85982 ; perimeter
G1 X132.695 Y109.42 E422.37068 ; perimeter
G1 X132.8 Y108.892 E422.41527 ; perimeter
G1 X133.051 Y108.422 E422.45941 ; perimeter
G1 X133.2 Y108.262 E422.47752 ; perimeter
G1 X133.475 Y108.026 E422.50754 ; perimeter
G1 X133.817 Y107.837 E422.53991 ; perimeter
G1 X134.323 Y107.702 E422.58329 ; perimeter
G1 X140.545 Y107.694 E423.0987 ; perimeter
G1 X141.012 Y107.776 E423.13798 ; perimeter
G1 X141.461 Y107.971 E423.17853 ; perimeter
G1 X141.802 Y108.255 E423.21529 ; perimeter
G1 X142.095 Y108.65 E423.25603 ; perimeter
G1 X142.247 Y109.073 E423.29326 ; perimeter
G1 X142.307 Y109.577 E423.3353 ; perimeter
G1 X142.305 Y115.58 E423.83257 ; perimeter
G1 X142.2 Y116.108 E423.87716 ; perimeter
G1 X141.95 Y116.575 E423.92104 ; perimeter
G1 X141.464 Y117.022 E423.97574 ; perimeter
G1 X141.006 Y117.216 E424.01694 ; perimeter
G1 X140.586 Y117.305 E424.0525 ; perimeter
G1 X134.42 Y117.305 E424.56327 ; perimeter
G1 X133.892 Y117.2 E424.60786 ; perimeter
G1 X133.724 Y117.111 E424.62361 ; perimeter
G1 X133.31 Y116.83 ; move inwards before travel
G1 X134.02 Y115.879 ; move to first infill point
;TYPE:Internal infill
;WIDTH:0.385
G1 X134.02 Y109.55 E425.14789 ; infill
G1 X134.138 Y109.2 E425.17849 ; infill
G1 X134.352 Y109.06 E425.19967 ; infill
G1 X134.352 Y115.94 E425.76959 ; infill
G1 X134.683 Y115.98 E425.79721 ; infill
G1 X134.683 Y109.027 E426.37318 ; infill
G1 X135.015 Y109.027 E426.40068 ; infill
G1 X135.015 Y115.98 E426.97665 ; infill
G1 X135.346 Y115.98 E427.00407 ; infill
G1 X135.346 Y109.027 E427.58004 ; infill
G1 X135.678 Y109.027 E427.60754 ; infill
G1 X135.678 Y115.98 E428.18351 ; infill
G1 X136.009 Y115.98 E428.21093 ; infill
G1 X136.009 Y109.026 E428.78698 ; infill
G1 X136.341 Y109.026 E428.81448 ; infill
G1 X136.341 Y115.98 E429.39053 ; infill
G1 X136.672 Y115.98 E429.41795 ; infill
G1 X136.672 Y109.026 E429.994 ; infill
G1 X137.004 Y109.026 E430.0215 ; infill
G1 X137.004 Y115.98 E430.59755 ; infill
G1 X137.335 Y115.98 E430.62497 ; infill
G1 X137.335 Y109.026 E431.20102 ; infill
G1 X137.667 Y109.025 E431.22852 ; infill
G1 X137.667 Y115.98 E431.80465 ; infill
G1 X137.998 Y115.98 E431.83207 ; infill
G1 X137.998 Y109.025 E432.4082 ; infill
G1 X138.33 Y109.025 E432.4357 ; infill
G1 X138.33 Y115.98 E433.01183 ; infill
G1 X138.661 Y115.98 E433.03925 ; infill
G1 X138.661 Y109.025 E433.61538 ; infill
G1 X138.993 Y109.025 E433.64288 ; infill
G1 X138.993 Y115.98 E434.21901 ; infill
G1 X139.324 Y115.98 E434.24643 ; infill
G1 X139.324 Y109.024 E434.82265 ; infill
G1 X139.656 Y109.024 E434.85015 ; infill
G1 X139.656 Y115.98 E435.42637 ; infill
G1 X139.987 Y115.98 E435.45379 ; infill
G1 X139.987 Y109.024 E436.03001 ; infill
G1 X140.319 Y109.024 E436.05751 ; infill
G1 X140.319 Y115.98 E436.63373 ; infill
G1 X140.65 Y115.929 E436.66147 ; infill
G1 X140.65 Y109.057 E437.23073 ; infill
G1 X140.858 Y109.188 E437.25109 ; infill
G1 X140.982 Y109.563 E437.28381 ; infill
G1 X140.982 Y115.88 E437.80709 ; infill
;LAYER_CHANGE
;Z:5.25
;HEIGHT:0.25
;announce new layer <20>
;---
M756 S0.25
M790 ;execute any new layer actions
;---
G1 Z5.25 F1500 ; simple layer change
G1 X141.103 Y115.996 ; travel to first layer point
;TYPE:Perimeter
;WIDTH:0.384999
G1 X141.06 Y116.06 E437.81348 ; perimeter
G1 X140.818 Y116.237 E437.83832 ; perimeter
G1 X140.511 Y116.311 E437.86448 ; perimeter
G1 X134.608 Y116.311 E438.35347 ; perimeter
G1 X134.344 Y116.276 E438.37553 ; perimeter
G1 X134.005 Y116.134 E438.40598 ; perimeter
G1 X133.806 Y115.904 E438.43117 ; perimeter
G1 X133.689 Y115.532 E438.46347 ; perimeter
G1 X133.689 Y109.518 E438.96165 ; perimeter
G1 X133.798 Y109.133 E438.9948 ; perimeter
G1 X134.043 Y108.846 E439.02606 ; perimeter
G1 X134.422 Y108.696 E439.05982 ; perimeter
G1 X140.424 Y108.688 E439.55701 ; perimeter
G1 X140.751 Y108.736 E439.58439 ; perimeter
G1 X141.05 Y108.906 E439.61288 ; perimeter
G1 X141.257 Y109.214 E439.64362 ; perimeter
G1 X141.313 Y109.576 E439.67396 ; perimeter
G1 X141.311 Y115.392 E440.15574 ; perimeter
G1 X141.254 Y115.77 E440.18741 ; perimeter
G1 X141.145 Y115.933 E440.20365 ; perimeter
G1 X141.453 Y116.1 ; move to first perimeter point
G1 X141.412 Y116.176 E440.2108 ; perimeter
G1 X141.169 Y116.419 E440.23927 ; perimeter
G1 X140.918 Y116.562 E440.2632 ; perimeter
G1 X140.535 Y116.642 E440.29561 ; perimeter
G1 X134.608 Y116.642 E440.78659 ; perimeter
G1 X134.117 Y116.569 E440.82771 ; perimeter
G1 X133.718 Y116.319 E440.86671 ; perimeter
G1 X133.507 Y116.055 E440.89471 ; perimeter
G1 X133.358 Y115.55 E440.93833 ; perimeter
G1 X133.358 Y109.607 E441.43063 ; perimeter
G1 X133.431 Y109.117 E441.47167 ; perimeter
G1 X133.585 Y108.829 E441.49872 ; perimeter
G1 X133.85 Y108.571 E441.52936 ; perimeter
G1 X134.03 Y108.484 E441.54592 ; perimeter
G1 X134.389 Y108.365 E441.57725 ; perimeter
G1 X140.424 Y108.357 E442.07717 ; perimeter
G1 X140.718 Y108.38 E442.1016 ; perimeter
G1 X141.108 Y108.534 E442.13633 ; perimeter
G1 X141.376 Y108.768 E442.1658 ; perimeter
G1 X141.571 Y109.105 E442.19805 ; perimeter
G1 X141.645 Y109.576 E442.23754 ; perimeter
G1 X141.642 Y115.392 E442.71932 ; perimeter
G1 X141.569 Y115.883 E442.76044 ; perimeter
G1 X141.489 Y116.034 E442.7746 ; perimeter
G1 X141.782 Y116.188 ; move to first perimeter point
G1 X141.681 Y116.376 E442.79228 ; perimeter
G1 X141.372 Y116.686 E442.82854 ; perimeter
G1 X141.053 Y116.866 E442.85888 ; perimeter
G1 X140.559 Y116.974 E442.90077 ; perimeter
G1 X134.608 Y116.974 E443.39373 ; perimeter
G1 X134.005 Y116.885 E443.44422 ; perimeter
G1 X133.617 Y116.677 E443.48069 ; perimeter
G1 X133.305 Y116.346 E443.51837 ; perimeter
G1 X133.153 Y116.043 E443.54645 ; perimeter
G1 X133.026 Y115.569 E443.5871 ; perimeter
G1 X133.026 Y109.607 E444.08098 ; perimeter
G1 X133.115 Y109.005 E444.13139 ; perimeter
G1 X133.317 Y108.627 E444.16689 ; perimeter
G1 X133.657 Y108.297 E444.20614 ; perimeter
G1 X134.087 Y108.087 E444.24578 ; perimeter
G1 X134.356 Y108.033 E444.26851 ; perimeter
G1 X140.609 Y108.035 E444.78649 ; perimeter
G1 X141.067 Y108.139 E444.8254 ; perimeter
G1 X141.493 Y108.41 E444.86722 ; perimeter
G1 X141.803 Y108.811 E444.90921 ; perimeter
G1 X141.911 Y109.096 E444.93446 ; perimeter
G1 X141.976 Y109.577 E444.97467 ; perimeter
G1 X141.974 Y115.392 E445.45637 ; perimeter
G1 X141.885 Y115.995 E445.50686 ; perimeter
G1 X141.817 Y116.122 E445.51879 ; perimeter
G1 X142.117 Y116.265 ; move to first perimeter point
;TYPE:External perimeter
G1 X141.95 Y116.575 E445.54796 ; perimeter
G1 X141.574 Y116.952 E445.59207 ; perimeter
G1 X141.056 Y117.214 E445.64016 ; perimeter
G1 X140.584 Y117.305 E445.67998 ; perimeter
G1 X134.42 Y117.305 E446.19059 ; perimeter
G1 X133.892 Y117.2 E446.23518 ; perimeter
G1 X133.422 Y116.949 E446.27932 ; perimeter
G1 X133.13 Y116.677 E446.31238 ; perimeter
G1 X132.909 Y116.355 E446.34473 ; perimeter
G1 X132.796 Y116.025 E446.37362 ; perimeter
G1 X132.695 Y115.587 E446.41085 ; perimeter
G1 X132.695 Y109.42 E446.92171 ; perimeter
G1 X132.8 Y108.892 E446.9663 ; perimeter
G1 X133.049 Y108.426 E447.01007 ; perimeter
G1 X133.464 Y108.022 E447.05805 ; perimeter
G1 X133.981 Y107.77 E447.10569 ; perimeter
G1 X134.323 Y107.702 E447.13457 ; perimeter
G1 X140.543 Y107.694 E447.64982 ; perimeter
G1 X141.012 Y107.777 E447.68927 ; perimeter
G1 X141.463 Y107.972 E447.72997 ; perimeter
G1 X141.802 Y108.254 E447.7665 ; perimeter
G1 X142.095 Y108.65 E447.80731 ; perimeter
G1 X142.246 Y109.073 E447.84452 ; perimeter
G1 X142.307 Y109.577 E447.88657 ; perimeter
G1 X142.305 Y115.58 E448.38384 ; perimeter
G1 X142.2 Y116.108 E448.42843 ; perimeter
G1 X142.152 Y116.198 E448.43688 ; perimeter
G1 X141.884 Y116.62 ; move inwards before travel
G1 X140.905 Y109.031 ; move to first infill point
;TYPE:Internal infill
;WIDTH:0.385
G1 X134.434 Y109.031 E448.97292 ; infill
G1 X134.121 Y109.232 E449.00373 ; infill
G1 X134.054 Y109.378 E449.01704 ; infill
G1 X140.951 Y109.378 E449.58837 ; infill
G1 X140.982 Y109.726 E449.61731 ; infill
G1 X134.02 Y109.726 E450.19402 ; infill
G1 X134.02 Y110.073 E450.22276 ; infill
G1 X140.982 Y110.073 E450.79947 ; infill
G1 X140.982 Y110.42 E450.82821 ; infill
G1 X134.02 Y110.42 E451.40492 ; infill
G1 X134.02 Y110.767 E451.43366 ; infill
G1 X140.982 Y110.767 E452.01037 ; infill
G1 X140.981 Y111.114 E452.03911 ; infill
G1 X134.02 Y111.114 E452.61574 ; infill
G1 X134.02 Y111.461 E452.64448 ; infill
G1 X140.981 Y111.461 E453.22111 ; infill
G1 X140.981 Y111.808 E453.24985 ; infill
G1 X134.02 Y111.808 E453.82648 ; infill
G1 X134.02 Y112.155 E453.85522 ; infill
G1 X140.981 Y112.155 E454.43185 ; infill
G1 X140.981 Y112.502 E454.46059 ; infill
G1 X134.02 Y112.502 E455.03722 ; infill
G1 X134.02 Y112.849 E455.06596 ; infill
G1 X140.981 Y112.849 E455.64259 ; infill
G1 X140.981 Y113.196 E455.67133 ; infill
G1 X134.02 Y113.196 E456.24796 ; infill
G1 X134.02 Y113.543 E456.2767 ; infill
G1 X140.981 Y113.543 E456.85333 ; infill
G1 X140.98 Y113.89 E456.88207 ; infill
G1 X134.02 Y113.89 E457.45862 ; infill
G1 X134.02 Y114.237 E457.48736 ; infill
G1 X140.98 Y114.237 E458.06391 ; infill
G1 X140.98 Y114.584 E458.09265 ; infill
G1 X134.02 Y114.584 E458.6692 ; infill
G1 X134.02 Y114.931 E458.69794 ; infill
G1 X140.98 Y114.931 E459.27449 ; infill
G1 X140.98 Y115.278 E459.30323 ; infill
G1 X134.02 Y115.278 E459.87978 ; infill
G1 X134.063 Y115.625 E459.90874 ; infill
G1 X140.945 Y115.625 E460.47883 ; infill
G1 X140.764 Y115.887 E460.50521 ; infill
G1 X140.525 Y115.972 E460.52622 ; infill
G1 X134.102 Y115.972 E461.05828 ; infill
;LAYER_CHANGE
;Z:5.5
;HEIGHT:0.25
;announce new layer <21>
;---
M756 S0.25
M790 ;execute any new layer actions
;---
G1 Z5.5 F1500 ; simple layer change
G1 X133.989 Y116.115 ; travel to first layer point
;TYPE:Perimeter
;WIDTH:0.384999
G1 X133.805 Y115.904 E461.08147 ; perimeter
G1 X133.689 Y115.531 E461.11383 ; perimeter
G1 X133.689 Y109.607 E461.60456 ; perimeter
G1 X133.723 Y109.348 E461.6262 ; perimeter
G1 X133.87 Y108.998 E461.65765 ; perimeter
G1 X134.104 Y108.798 E461.68315 ; perimeter
G1 X134.422 Y108.696 E461.71081 ; perimeter
G1 X140.424 Y108.688 E462.208 ; perimeter
G1 X140.751 Y108.736 E462.23538 ; perimeter
G1 X141.038 Y108.897 E462.26264 ; perimeter
G1 X141.267 Y109.256 E462.29791 ; perimeter
G1 X141.313 Y109.576 E462.32469 ; perimeter
G1 X141.311 Y115.392 E462.80647 ; perimeter
G1 X141.277 Y115.652 E462.82819 ; perimeter
G1 X141.13 Y116.002 E462.85964 ; perimeter
G1 X140.875 Y116.213 E462.88706 ; perimeter
G1 X140.503 Y116.311 E462.91893 ; perimeter
G1 X134.608 Y116.311 E463.40726 ; perimeter
G1 X134.344 Y116.276 E463.42932 ; perimeter
G1 X134.052 Y116.153 E463.45557 ; perimeter
G1 X133.883 Y116.423 ; move to first perimeter point
G1 X133.718 Y116.319 E463.47173 ; perimeter
G1 X133.507 Y116.054 E463.49979 ; perimeter
G1 X133.358 Y115.55 E463.54333 ; perimeter
G1 X133.358 Y109.607 E464.03563 ; perimeter
G1 X133.431 Y109.117 E464.07667 ; perimeter
G1 X133.597 Y108.805 E464.10595 ; perimeter
G1 X133.939 Y108.508 E464.14347 ; perimeter
G1 X134.389 Y108.365 E464.18258 ; perimeter
G1 X140.424 Y108.357 E464.6825 ; perimeter
G1 X140.718 Y108.38 E464.70693 ; perimeter
G1 X141.028 Y108.493 E464.73426 ; perimeter
G1 X141.323 Y108.718 E464.76499 ; perimeter
G1 X141.579 Y109.135 E464.80552 ; perimeter
G1 X141.645 Y109.576 E464.84246 ; perimeter
G1 X141.642 Y115.392 E465.32424 ; perimeter
G1 X141.602 Y115.717 E465.35137 ; perimeter
G1 X141.49 Y116.032 E465.37906 ; perimeter
G1 X141.273 Y116.338 E465.41014 ; perimeter
G1 X140.914 Y116.554 E465.44485 ; perimeter
G1 X140.529 Y116.642 E465.47756 ; perimeter
G1 X134.608 Y116.642 E465.96804 ; perimeter
G1 X134.117 Y116.569 E466.00916 ; perimeter
G1 X133.947 Y116.463 E466.02576 ; perimeter
G1 X133.751 Y116.749 ; move to first perimeter point
G1 X133.617 Y116.677 E466.03836 ; perimeter
G1 X133.306 Y116.347 E466.07592 ; perimeter
G1 X133.152 Y116.041 E466.1043 ; perimeter
G1 X133.026 Y115.569 E466.14477 ; perimeter
G1 X133.026 Y109.607 E466.63865 ; perimeter
G1 X133.115 Y109.005 E466.68906 ; perimeter
G1 X133.255 Y108.743 E466.71367 ; perimeter
G1 X133.508 Y108.411 E466.74825 ; perimeter
G1 X133.917 Y108.157 E466.78813 ; perimeter
G1 X134.356 Y108.033 E466.82592 ; perimeter
G1 X140.423 Y108.025 E467.32849 ; perimeter
G1 X140.785 Y108.054 E467.35857 ; perimeter
G1 X141.287 Y108.254 E467.40333 ; perimeter
G1 X141.569 Y108.495 E467.43406 ; perimeter
G1 X141.775 Y108.8 E467.46455 ; perimeter
G1 X141.931 Y109.177 E467.49835 ; perimeter
G1 X141.976 Y109.577 E467.53169 ; perimeter
G1 X141.974 Y115.392 E468.01339 ; perimeter
G1 X141.885 Y115.995 E468.06388 ; perimeter
G1 X141.676 Y116.387 E468.10068 ; perimeter
G1 X141.389 Y116.661 E468.13355 ; perimeter
G1 X141.036 Y116.862 E468.1672 ; perimeter
G1 X140.556 Y116.974 E468.20803 ; perimeter
G1 X134.608 Y116.974 E468.70075 ; perimeter
G1 X134.005 Y116.885 E468.75124 ; perimeter
G1 X133.817 Y116.785 E468.76888 ; perimeter
G1 X133.658 Y117.075 ; move to first perimeter point
;TYPE:External perimeter
G1 X133.422 Y116.949 E468.79104 ; perimeter
G1 X133.132 Y116.678 E468.82392 ; perimeter
G1 X132.909 Y116.355 E468.85643 ; perimeter
G1 X132.797 Y116.026 E468.88522 ; perimeter
G1 X132.695 Y115.587 E468.92255 ; perimeter
G1 X132.695 Y109.42 E469.43341 ; perimeter
G1 X132.8 Y108.892 E469.478 ; perimeter
G1 X132.963 Y108.587 E469.50665 ; perimeter
G1 X133.178 Y108.282 E469.53756 ; perimeter
G1 X133.611 Y107.928 E469.58389 ; perimeter
G1 X133.977 Y107.771 E469.61688 ; perimeter
G1 X134.323 Y107.702 E469.64611 ; perimeter
G1 X140.423 Y107.694 E470.15142 ; perimeter
G1 X140.686 Y107.71 E470.17325 ; perimeter
G1 X141.192 Y107.831 E470.21635 ; perimeter
G1 X141.592 Y108.069 E470.25491 ; perimeter
G1 X141.949 Y108.421 E470.29644 ; perimeter
G1 X142.202 Y108.895 E470.34095 ; perimeter
G1 X142.252 Y109.097 E470.35819 ; perimeter
G1 X142.307 Y109.577 E470.39821 ; perimeter
G1 X142.305 Y115.58 E470.89548 ; perimeter
G1 X142.2 Y116.108 E470.94007 ; perimeter
G1 X141.949 Y116.579 E470.98428 ; perimeter
G1 X141.714 Y116.837 E471.01319 ; perimeter
G1 X141.351 Y117.093 E471.04999 ; perimeter
G1 X140.98 Y117.241 E471.08308 ; perimeter
G1 X140.583 Y117.305 E471.11639 ; perimeter
G1 X134.42 Y117.305 E471.62692 ; perimeter
G1 X133.892 Y117.2 E471.67151 ; perimeter
G1 X133.724 Y117.111 E471.68726 ; perimeter
G1 X133.31 Y116.83 ; move inwards before travel
G1 X134.02 Y115.878 ; move to first infill point
;TYPE:Internal infill
;WIDTH:0.385
G1 X134.02 Y109.55 E472.21145 ; infill
G1 X134.138 Y109.2 E472.24205 ; infill
G1 X134.352 Y109.052 E472.2636 ; infill
G1 X134.352 Y115.94 E472.83418 ; infill
G1 X134.683 Y115.98 E472.8618 ; infill
G1 X134.683 Y109.027 E473.43777 ; infill
G1 X135.015 Y109.027 E473.46527 ; infill
G1 X135.015 Y115.98 E474.04124 ; infill
G1 X135.346 Y115.98 E474.06866 ; infill
G1 X135.346 Y109.027 E474.64463 ; infill
G1 X135.678 Y109.027 E474.67213 ; infill
G1 X135.678 Y115.98 E475.2481 ; infill
G1 X136.009 Y115.98 E475.27552 ; infill
G1 X136.009 Y109.026 E475.85157 ; infill
G1 X136.341 Y109.026 E475.87907 ; infill
G1 X136.341 Y115.98 E476.45512 ; infill
G1 X136.672 Y115.98 E476.48254 ; infill
G1 X136.672 Y109.026 E477.05859 ; infill
G1 X137.004 Y109.026 E477.08609 ; infill
G1 X137.004 Y115.98 E477.66214 ; infill
G1 X137.335 Y115.98 E477.68956 ; infill
G1 X137.335 Y109.026 E478.26561 ; infill
G1 X137.667 Y109.025 E478.29311 ; infill
G1 X137.667 Y115.98 E478.86924 ; infill
G1 X137.998 Y115.98 E478.89666 ; infill
G1 X137.998 Y109.025 E479.47279 ; infill
G1 X138.33 Y109.025 E479.50029 ; infill
G1 X138.33 Y115.98 E480.07642 ; infill
G1 X138.661 Y115.98 E480.10384 ; infill
G1 X138.661 Y109.025 E480.67997 ; infill
G1 X138.993 Y109.024 E480.70747 ; infill
G1 X138.993 Y115.98 E481.28369 ; infill
G1 X139.324 Y115.98 E481.31111 ; infill
G1 X139.324 Y109.024 E481.88733 ; infill
G1 X139.656 Y109.024 E481.91483 ; infill
G1 X139.656 Y115.98 E482.49105 ; infill
G1 X139.987 Y115.98 E482.51847 ; infill
G1 X139.987 Y109.024 E483.09469 ; infill
G1 X140.319 Y109.024 E483.12219 ; infill
G1 X140.319 Y115.98 E483.69841 ; infill
G1 X140.65 Y115.945 E483.72598 ; infill
G1 X140.65 Y109.057 E484.29656 ; infill
G1 X140.857 Y109.19 E484.31694 ; infill
G1 X140.982 Y109.561 E484.34937 ; infill
G1 X140.982 Y115.892 E484.87381 ; infill
;LAYER_CHANGE
;Z:5.75
;HEIGHT:0.25
;announce new layer <22>
;---
M756 S0.25
M790 ;execute any new layer actions
;---
G1 Z5.75 F1500 ; simple layer change
G1 X141.119 Y116.007 ; travel to first layer point
;TYPE:Perimeter
;WIDTH:0.384999
G1 X140.897 Y116.199 E484.89812 ; perimeter
G1 X140.525 Y116.311 E484.9303 ; perimeter
G1 X134.608 Y116.311 E485.42045 ; perimeter
G1 X134.346 Y116.277 E485.44234 ; perimeter
G1 X134.01 Y116.136 E485.47252 ; perimeter
G1 X133.804 Y115.905 E485.49816 ; perimeter
G1 X133.689 Y115.525 E485.53105 ; perimeter
G1 X133.689 Y109.607 E486.02128 ; perimeter
G1 X133.723 Y109.348 E486.04292 ; perimeter
G1 X133.87 Y108.998 E486.07437 ; perimeter
G1 X134.102 Y108.799 E486.09969 ; perimeter
G1 X134.422 Y108.696 E486.12754 ; perimeter
G1 X140.424 Y108.688 E486.62473 ; perimeter
G1 X140.751 Y108.736 E486.65211 ; perimeter
G1 X141.038 Y108.897 E486.67937 ; perimeter
G1 X141.267 Y109.256 E486.71464 ; perimeter
G1 X141.313 Y109.576 E486.74142 ; perimeter
G1 X141.311 Y115.392 E487.2232 ; perimeter
G1 X141.277 Y115.655 E487.24517 ; perimeter
G1 X141.155 Y115.943 E487.27108 ; perimeter
G1 X141.423 Y116.116 ; move to first perimeter point
G1 X141.318 Y116.283 E487.28742 ; perimeter
G1 X141.049 Y116.497 E487.31589 ; perimeter
G1 X140.546 Y116.642 E487.35925 ; perimeter
G1 X134.608 Y116.642 E487.85114 ; perimeter
G1 X134.281 Y116.602 E487.87843 ; perimeter
G1 X133.97 Y116.491 E487.90578 ; perimeter
G1 X133.713 Y116.311 E487.93177 ; perimeter
G1 X133.505 Y116.055 E487.95909 ; perimeter
G1 X133.358 Y115.546 E488.00298 ; perimeter
G1 X133.358 Y109.607 E488.49495 ; perimeter
G1 X133.431 Y109.117 E488.53599 ; perimeter
G1 X133.597 Y108.805 E488.56527 ; perimeter
G1 X133.938 Y108.509 E488.60268 ; perimeter
G1 X134.389 Y108.365 E488.6419 ; perimeter
G1 X140.424 Y108.357 E489.14182 ; perimeter
G1 X140.718 Y108.38 E489.16625 ; perimeter
G1 X141.028 Y108.493 E489.19358 ; perimeter
G1 X141.323 Y108.718 E489.22431 ; perimeter
G1 X141.579 Y109.135 E489.26484 ; perimeter
G1 X141.645 Y109.576 E489.30178 ; perimeter
G1 X141.642 Y115.392 E489.78356 ; perimeter
G1 X141.569 Y115.883 E489.82468 ; perimeter
G1 X141.462 Y116.053 E489.84132 ; perimeter
G1 X141.747 Y116.247 ; move to first perimeter point
G1 X141.561 Y116.509 E489.86794 ; perimeter
G1 X141.201 Y116.794 E489.90598 ; perimeter
G1 X140.99 Y116.87 E489.92456 ; perimeter
G1 X140.566 Y116.974 E489.96072 ; perimeter
G1 X134.608 Y116.974 E490.45426 ; perimeter
G1 X134.005 Y116.885 E490.50475 ; perimeter
G1 X133.618 Y116.678 E490.54111 ; perimeter
G1 X133.286 Y116.323 E490.58137 ; perimeter
G1 X133.13 Y115.99 E490.61183 ; perimeter
G1 X133.026 Y115.566 E490.64799 ; perimeter
G1 X133.026 Y109.607 E491.14162 ; perimeter
G1 X133.115 Y109.005 E491.19203 ; perimeter
G1 X133.255 Y108.743 E491.21664 ; perimeter
G1 X133.508 Y108.411 E491.25122 ; perimeter
G1 X133.914 Y108.159 E491.2908 ; perimeter
G1 X134.356 Y108.033 E491.32887 ; perimeter
G1 X140.52 Y108.025 E491.83948 ; perimeter
G1 X140.915 Y108.093 E491.87268 ; perimeter
G1 X141.289 Y108.256 E491.90648 ; perimeter
G1 X141.568 Y108.495 E491.93691 ; perimeter
G1 X141.775 Y108.799 E491.96738 ; perimeter
G1 X141.931 Y109.177 E492.00125 ; perimeter
G1 X141.976 Y109.577 E492.03459 ; perimeter
G1 X141.974 Y115.392 E492.51629 ; perimeter
G1 X141.885 Y115.995 E492.56678 ; perimeter
G1 X141.785 Y116.183 E492.58442 ; perimeter
G1 X142.075 Y116.342 ; move to first perimeter point
;TYPE:External perimeter
G1 X141.949 Y116.578 E492.60658 ; perimeter
G1 X141.68 Y116.866 E492.63923 ; perimeter
G1 X141.354 Y117.091 E492.67204 ; perimeter
G1 X141.006 Y117.216 E492.70267 ; perimeter
G1 X140.586 Y117.305 E492.73823 ; perimeter
G1 X134.42 Y117.305 E493.249 ; perimeter
G1 X133.892 Y117.2 E493.29359 ; perimeter
G1 X133.422 Y116.949 E493.33773 ; perimeter
G1 X133.222 Y116.758 E493.36064 ; perimeter
G1 X132.909 Y116.355 E493.40291 ; perimeter
G1 X132.784 Y116.006 E493.43362 ; perimeter
G1 X132.695 Y115.586 E493.46918 ; perimeter
G1 X132.695 Y109.42 E493.97995 ; perimeter
G1 X132.8 Y108.892 E494.02454 ; perimeter
G1 X132.963 Y108.587 E494.05319 ; perimeter
G1 X133.178 Y108.281 E494.08417 ; perimeter
G1 X133.609 Y107.929 E494.13027 ; perimeter
G1 X133.977 Y107.771 E494.16345 ; perimeter
G1 X134.323 Y107.702 E494.19268 ; perimeter
G1 X140.423 Y107.694 E494.69799 ; perimeter
G1 X140.686 Y107.71 E494.71982 ; perimeter
G1 X141.192 Y107.831 E494.76292 ; perimeter
G1 X141.592 Y108.069 E494.80148 ; perimeter
G1 X141.949 Y108.421 E494.84301 ; perimeter
G1 X142.202 Y108.895 E494.88752 ; perimeter
G1 X142.252 Y109.097 E494.90476 ; perimeter
G1 X142.307 Y109.577 E494.94478 ; perimeter
G1 X142.305 Y115.58 E495.44205 ; perimeter
G1 X142.2 Y116.108 E495.48664 ; perimeter
G1 X142.111 Y116.276 E495.50239 ; perimeter
G1 X141.83 Y116.69 ; move inwards before travel
G1 X140.913 Y109.031 ; move to first infill point
;TYPE:Internal infill
;WIDTH:0.385
G1 X134.435 Y109.031 E496.03901 ; infill
G1 X134.138 Y109.2 E496.06732 ; infill
G1 X134.055 Y109.378 E496.08359 ; infill
G1 X140.954 Y109.378 E496.65509 ; infill
G1 X140.982 Y109.725 E496.68393 ; infill
G1 X134.02 Y109.725 E497.26064 ; infill
G1 X134.02 Y110.072 E497.28938 ; infill
G1 X140.982 Y110.072 E497.86609 ; infill
G1 X140.982 Y110.419 E497.89483 ; infill
G1 X134.02 Y110.419 E498.47154 ; infill
G1 X134.02 Y110.766 E498.50028 ; infill
G1 X140.982 Y110.766 E499.07699 ; infill
G1 X140.981 Y111.113 E499.10573 ; infill
G1 X134.02 Y111.113 E499.68236 ; infill
G1 X134.02 Y111.46 E499.7111 ; infill
G1 X140.981 Y111.46 E500.28773 ; infill
G1 X140.981 Y111.808 E500.31656 ; infill
G1 X134.02 Y111.808 E500.89319 ; infill
G1 X134.02 Y112.155 E500.92193 ; infill
G1 X140.981 Y112.155 E501.49856 ; infill
G1 X140.981 Y112.502 E501.5273 ; infill
G1 X134.02 Y112.502 E502.10393 ; infill
G1 X134.02 Y112.849 E502.13267 ; infill
G1 X140.981 Y112.849 E502.7093 ; infill
G1 X140.981 Y113.196 E502.73804 ; infill
G1 X134.02 Y113.196 E503.31467 ; infill
G1 X134.02 Y113.543 E503.34341 ; infill
G1 X140.981 Y113.543 E503.92004 ; infill
G1 X140.98 Y113.89 E503.94878 ; infill
G1 X134.02 Y113.89 E504.52533 ; infill
G1 X134.02 Y114.237 E504.55407 ; infill
G1 X140.98 Y114.237 E505.13062 ; infill
G1 X140.98 Y114.584 E505.15936 ; infill
G1 X134.02 Y114.584 E505.73591 ; infill
G1 X134.02 Y114.931 E505.76465 ; infill
G1 X140.98 Y114.931 E506.3412 ; infill
G1 X140.98 Y115.278 E506.36994 ; infill
G1 X134.02 Y115.278 E506.94649 ; infill
G1 X134.062 Y115.625 E506.97544 ; infill
G1 X140.945 Y115.625 E507.54561 ; infill
G1 X140.809 Y115.857 E507.56789 ; infill
G1 X140.515 Y115.972 E507.59404 ; infill
G1 X134.104 Y115.972 E508.12511 ; infill
;LAYER_CHANGE
;Z:6
;HEIGHT:0.25
;announce new layer <23>
;---
M756 S0.25
M790 ;execute any new layer actions
;---
G1 Z6 F1500 ; simple layer change
G1 X133.993 Y116.119 ; travel to first layer point
;TYPE:Perimeter
;WIDTH:0.384999
G1 X133.784 Y115.873 E508.15185 ; perimeter
G1 X133.689 Y115.497 E508.18398 ; perimeter
G1 X133.689 Y109.607 E508.67189 ; perimeter
G1 X133.723 Y109.348 E508.69353 ; perimeter
G1 X133.87 Y108.998 E508.72498 ; perimeter
G1 X134.1 Y108.8 E508.75012 ; perimeter
G1 X134.422 Y108.696 E508.77815 ; perimeter
G1 X140.424 Y108.688 E509.27534 ; perimeter
G1 X140.78 Y108.745 E509.30521 ; perimeter
G1 X141.054 Y108.91 E509.33171 ; perimeter
G1 X141.257 Y109.214 E509.36199 ; perimeter
G1 X141.313 Y109.576 E509.39233 ; perimeter
G1 X141.311 Y115.482 E509.88157 ; perimeter
G1 X141.199 Y115.872 E509.91518 ; perimeter
G1 X140.955 Y116.165 E509.94677 ; perimeter
G1 X140.531 Y116.311 E509.98392 ; perimeter
G1 X134.608 Y116.311 E510.47457 ; perimeter
G1 X134.347 Y116.277 E510.49637 ; perimeter
G1 X134.057 Y116.155 E510.52243 ; perimeter
G1 X133.88 Y116.428 ; move to first perimeter point
G1 X133.64 Y116.246 E510.54738 ; perimeter
G1 X133.453 Y115.938 E510.57723 ; perimeter
G1 X133.358 Y115.525 E510.61234 ; perimeter
G1 X133.358 Y109.607 E511.10257 ; perimeter
G1 X133.431 Y109.117 E511.14361 ; perimeter
G1 X133.597 Y108.805 E511.17289 ; perimeter
G1 X133.936 Y108.51 E511.21012 ; perimeter
G1 X134.389 Y108.365 E511.24952 ; perimeter
G1 X140.424 Y108.356 E511.74944 ; perimeter
G1 X140.719 Y108.38 E511.77396 ; perimeter
G1 X141.078 Y108.515 E511.80573 ; perimeter
G1 X141.376 Y108.768 E511.83811 ; perimeter
G1 X141.571 Y109.105 E511.87036 ; perimeter
G1 X141.645 Y109.576 E511.90985 ; perimeter
G1 X141.642 Y115.392 E512.39163 ; perimeter
G1 X141.569 Y115.883 E512.43275 ; perimeter
G1 X141.412 Y116.176 E512.46029 ; perimeter
G1 X141.069 Y116.488 E512.4987 ; perimeter
G1 X140.549 Y116.642 E512.54362 ; perimeter
G1 X134.608 Y116.642 E513.03576 ; perimeter
G1 X134.117 Y116.569 E513.07688 ; perimeter
G1 X133.944 Y116.477 E513.09311 ; perimeter
G1 X133.94 Y116.473 E513.09358 ; perimeter
G1 X133.751 Y116.749 ; move to first perimeter point
G1 X133.616 Y116.677 E513.10625 ; perimeter
G1 X133.387 Y116.464 E513.13216 ; perimeter
G1 X133.147 Y116.065 E513.17073 ; perimeter
G1 X133.026 Y115.554 E513.21423 ; perimeter
G1 X133.026 Y109.607 E513.70686 ; perimeter
G1 X133.115 Y109.005 E513.75727 ; perimeter
G1 X133.255 Y108.744 E513.7818 ; perimeter
G1 X133.508 Y108.411 E513.81644 ; perimeter
G1 X133.912 Y108.16 E513.85584 ; perimeter
G1 X134.356 Y108.033 E513.89409 ; perimeter
G1 X140.601 Y108.034 E514.41141 ; perimeter
G1 X141.07 Y108.14 E514.45124 ; perimeter
G1 X141.495 Y108.412 E514.49304 ; perimeter
G1 X141.803 Y108.811 E514.53479 ; perimeter
G1 X141.911 Y109.096 E514.56004 ; perimeter
G1 X141.976 Y109.577 E514.60025 ; perimeter
G1 X141.974 Y115.392 E515.08195 ; perimeter
G1 X141.885 Y115.995 E515.13244 ; perimeter
G1 X141.681 Y116.376 E515.16824 ; perimeter
G1 X141.363 Y116.694 E515.20549 ; perimeter
G1 X140.984 Y116.868 E515.24004 ; perimeter
G1 X140.568 Y116.974 E515.2756 ; perimeter
G1 X134.608 Y116.974 E515.76931 ; perimeter
G1 X134.005 Y116.885 E515.8198 ; perimeter
G1 X133.817 Y116.785 E515.83744 ; perimeter
G1 X133.658 Y117.075 ; move to first perimeter point
;TYPE:External perimeter
G1 X133.422 Y116.949 E515.8596 ; perimeter
G1 X133.267 Y116.804 E515.87718 ; perimeter
G1 X133.004 Y116.491 E515.91105 ; perimeter
G1 X132.772 Y116.026 E515.9541 ; perimeter
G1 X132.695 Y115.583 E515.99135 ; perimeter
G1 X132.695 Y109.42 E516.50188 ; perimeter
G1 X132.8 Y108.892 E516.54647 ; perimeter
G1 X132.963 Y108.587 E516.57512 ; perimeter
G1 X133.178 Y108.281 E516.6061 ; perimeter
G1 X133.607 Y107.931 E516.65196 ; perimeter
G1 X133.977 Y107.771 E516.68535 ; perimeter
G1 X134.323 Y107.702 E516.71458 ; perimeter
G1 X140.535 Y107.694 E517.22917 ; perimeter
G1 X141.014 Y107.777 E517.26944 ; perimeter
G1 X141.427 Y107.949 E517.3065 ; perimeter
G1 X141.805 Y108.257 E517.34689 ; perimeter
G1 X142.095 Y108.65 E517.38735 ; perimeter
G1 X142.246 Y109.071 E517.4244 ; perimeter
G1 X142.307 Y109.577 E517.46662 ; perimeter
G1 X142.305 Y115.58 E517.96389 ; perimeter
G1 X142.2 Y116.108 E518.00848 ; perimeter
G1 X141.95 Y116.575 E518.05236 ; perimeter
G1 X141.468 Y117.02 E518.1067 ; perimeter
G1 X141.03 Y117.203 E518.14602 ; perimeter
G1 X140.587 Y117.305 E518.18368 ; perimeter
G1 X134.42 Y117.305 E518.69454 ; perimeter
G1 X133.892 Y117.2 E518.73913 ; perimeter
G1 X133.724 Y117.111 E518.75488 ; perimeter
G1 X133.311 Y116.829 ; move inwards before travel
G1 X134.02 Y115.894 ; move to first infill point
;TYPE:Internal infill
;WIDTH:0.385
G1 X134.02 Y109.55 E519.2804 ; infill
G1 X134.138 Y109.2 E519.311 ; infill
G1 X134.352 Y109.053 E519.33251 ; infill
G1 X134.352 Y115.94 E519.90301 ; infill
G1 X134.683 Y115.98 E519.93063 ; infill
G1 X134.683 Y109.027 E520.5066 ; infill
G1 X135.015 Y109.027 E520.5341 ; infill
G1 X135.015 Y115.98 E521.11007 ; infill
G1 X135.346 Y115.98 E521.13749 ; infill
G1 X135.346 Y109.027 E521.71346 ; infill
G1 X135.678 Y109.027 E521.74096 ; infill
G1 X135.678 Y115.98 E522.31693 ; infill
G1 X136.009 Y115.98 E522.34435 ; infill
G1 X136.009 Y109.026 E522.9204 ; infill
G1 X136.341 Y109.026 E522.9479 ; infill
G1 X136.341 Y115.98 E523.52395 ; infill
G1 X136.672 Y115.98 E523.55137 ; infill
G1 X136.672 Y109.026 E524.12742 ; infill
G1 X137.004 Y109.026 E524.15492 ; infill
G1 X137.004 Y115.98 E524.73097 ; infill
G1 X137.335 Y115.98 E524.75839 ; infill
G1 X137.335 Y109.025 E525.33452 ; infill
G1 X137.667 Y109.025 E525.36202 ; infill
G1 X137.667 Y115.98 E525.93815 ; infill
G1 X137.998 Y115.98 E525.96557 ; infill
G1 X137.998 Y109.025 E526.5417 ; infill
G1 X138.33 Y109.025 E526.5692 ; infill
G1 X138.33 Y115.98 E527.14533 ; infill
G1 X138.661 Y115.98 E527.17275 ; infill
G1 X138.661 Y109.025 E527.74888 ; infill
G1 X138.993 Y109.024 E527.77638 ; infill
G1 X138.993 Y115.98 E528.3526 ; infill
G1 X139.324 Y115.98 E528.38002 ; infill
G1 X139.324 Y109.024 E528.95624 ; infill
G1 X139.656 Y109.024 E528.98374 ; infill
G1 X139.656 Y115.98 E529.55996 ; infill
G1 X139.987 Y115.98 E529.58738 ; infill
G1 X139.987 Y109.024 E530.1636 ; infill
G1 X140.319 Y109.023 E530.1911 ; infill
G1 X140.319 Y115.98 E530.7674 ; infill
G1 X140.65 Y115.929 E530.79514 ; infill
G1 X140.65 Y109.058 E531.36432 ; infill
G1 X140.861 Y109.193 E531.38507 ; infill
G1 X140.982 Y109.563 E531.41732 ; infill
G1 X140.982 Y115.88 E531.9406 ; infill
;LAYER_CHANGE
;Z:6.25
;HEIGHT:0.25
;announce new layer <24>
;---
M756 S0.25
M790 ;execute any new layer actions
;---
G1 Z6.25 F1500 ; simple layer change
G1 X141.099 Y115.992 ; travel to first layer point
;TYPE:Perimeter
;WIDTH:0.384999
G1 X140.946 Y116.174 E531.9603 ; perimeter
G1 X140.525 Y116.311 E531.99697 ; perimeter
G1 X134.608 Y116.311 E532.48712 ; perimeter
G1 X134.344 Y116.277 E532.50917 ; perimeter
G1 X134.004 Y116.133 E532.53976 ; perimeter
G1 X133.805 Y115.902 E532.56502 ; perimeter
G1 X133.689 Y115.53 E532.5973 ; perimeter
G1 X133.689 Y109.607 E533.08795 ; perimeter
G1 X133.723 Y109.345 E533.10984 ; perimeter
G1 X133.87 Y108.998 E533.14106 ; perimeter
G1 X134.185 Y108.758 E533.17386 ; perimeter
G1 X134.429 Y108.696 E533.19471 ; perimeter
G1 X140.424 Y108.688 E533.69132 ; perimeter
G1 X140.809 Y108.754 E533.72368 ; perimeter
G1 X141.14 Y109.011 E533.75839 ; perimeter
G1 X141.257 Y109.214 E533.7778 ; perimeter
G1 X141.313 Y109.576 E533.80814 ; perimeter
G1 X141.311 Y115.482 E534.29738 ; perimeter
G1 X141.199 Y115.873 E534.33107 ; perimeter
G1 X141.147 Y115.934 E534.33771 ; perimeter
G1 X141.438 Y116.127 ; move to first perimeter point
G1 X141.412 Y116.176 E534.34231 ; perimeter
G1 X141.065 Y116.491 E534.38113 ; perimeter
G1 X140.546 Y116.642 E534.42591 ; perimeter
G1 X134.608 Y116.642 E534.9178 ; perimeter
G1 X134.117 Y116.569 E534.95892 ; perimeter
G1 X133.719 Y116.32 E534.99781 ; perimeter
G1 X133.506 Y116.053 E535.0261 ; perimeter
G1 X133.358 Y115.549 E535.06961 ; perimeter
G1 X133.358 Y109.607 E535.56183 ; perimeter
G1 X133.431 Y109.117 E535.60287 ; perimeter
G1 X133.659 Y108.738 E535.63951 ; perimeter
G1 X134.001 Y108.482 E535.6749 ; perimeter
G1 X134.394 Y108.365 E535.70887 ; perimeter
G1 X140.423 Y108.356 E536.2083 ; perimeter
G1 X140.719 Y108.38 E536.2329 ; perimeter
G1 X141.016 Y108.489 E536.25911 ; perimeter
G1 X141.393 Y108.793 E536.29923 ; perimeter
G1 X141.571 Y109.105 E536.32899 ; perimeter
G1 X141.645 Y109.576 E536.36848 ; perimeter
G1 X141.642 Y115.392 E536.85026 ; perimeter
G1 X141.569 Y115.883 E536.89138 ; perimeter
G1 X141.474 Y116.061 E536.90809 ; perimeter
G1 X141.749 Y116.249 ; move to first perimeter point
G1 X141.681 Y116.376 E536.92002 ; perimeter
G1 X141.363 Y116.694 E536.95727 ; perimeter
G1 X140.99 Y116.87 E536.99144 ; perimeter
G1 X140.566 Y116.974 E537.0276 ; perimeter
G1 X134.608 Y116.974 E537.52114 ; perimeter
G1 X134.005 Y116.885 E537.57163 ; perimeter
G1 X133.616 Y116.677 E537.60817 ; perimeter
G1 X133.308 Y116.35 E537.64538 ; perimeter
G1 X133.15 Y116.037 E537.67442 ; perimeter
G1 X133.026 Y115.568 E537.71461 ; perimeter
G1 X133.026 Y109.607 E538.2084 ; perimeter
G1 X133.115 Y109.005 E538.25881 ; perimeter
G1 X133.262 Y108.73 E538.28464 ; perimeter
G1 X133.502 Y108.417 E538.31731 ; perimeter
G1 X133.888 Y108.159 E538.35577 ; perimeter
G1 X134.359 Y108.033 E538.39616 ; perimeter
G1 X140.515 Y108.025 E538.90611 ; perimeter
G1 X140.912 Y108.092 E538.93946 ; perimeter
G1 X141.308 Y108.269 E538.97539 ; perimeter
G1 X141.646 Y108.575 E539.01316 ; perimeter
G1 X141.803 Y108.811 E539.03664 ; perimeter
G1 X141.911 Y109.096 E539.06189 ; perimeter
G1 X141.976 Y109.577 E539.1021 ; perimeter
G1 X141.974 Y115.392 E539.5838 ; perimeter
G1 X141.885 Y115.995 E539.63429 ; perimeter
G1 X141.785 Y116.183 E539.65193 ; perimeter
G1 X142.075 Y116.342 ; move to first perimeter point
;TYPE:External perimeter
G1 X141.95 Y116.575 E539.67383 ; perimeter
G1 X141.464 Y117.022 E539.72853 ; perimeter
G1 X141.006 Y117.216 E539.76973 ; perimeter
G1 X140.586 Y117.305 E539.80529 ; perimeter
G1 X134.42 Y117.305 E540.31606 ; perimeter
G1 X133.892 Y117.2 E540.36065 ; perimeter
G1 X133.422 Y116.949 E540.40479 ; perimeter
G1 X133.136 Y116.684 E540.43709 ; perimeter
G1 X132.909 Y116.355 E540.4702 ; perimeter
G1 X132.798 Y116.032 E540.49849 ; perimeter
G1 X132.695 Y115.587 E540.53633 ; perimeter
G1 X132.695 Y109.42 E541.04719 ; perimeter
G1 X132.8 Y108.892 E541.09178 ; perimeter
G1 X133.051 Y108.421 E541.13599 ; perimeter
G1 X133.284 Y108.164 E541.16473 ; perimeter
G1 X133.734 Y107.864 E541.20953 ; perimeter
G1 X134.324 Y107.702 E541.26021 ; perimeter
G1 X140.532 Y107.694 E541.77446 ; perimeter
G1 X141.043 Y107.786 E541.81747 ; perimeter
G1 X141.5 Y107.996 E541.85913 ; perimeter
G1 X141.899 Y108.357 E541.9037 ; perimeter
G1 X142.095 Y108.65 E541.9329 ; perimeter
G1 X142.25 Y109.086 E541.97123 ; perimeter
G1 X142.307 Y109.577 E542.01218 ; perimeter
G1 X142.305 Y115.58 E542.50945 ; perimeter
G1 X142.2 Y116.108 E542.55404 ; perimeter
G1 X142.111 Y116.276 E542.56979 ; perimeter
G1 X141.817 Y116.68 ; move inwards before travel
G1 X140.891 Y109.031 ; move to first infill point
;TYPE:Internal infill
;WIDTH:0.385
G1 X134.446 Y109.031 E543.10368 ; infill
G1 X134.135 Y109.205 E543.1332 ; infill
G1 X134.055 Y109.378 E543.14899 ; infill
G1 X140.95 Y109.378 E543.72015 ; infill
G1 X140.982 Y109.725 E543.74902 ; infill
G1 X134.02 Y109.725 E544.32573 ; infill
G1 X134.02 Y110.072 E544.35447 ; infill
G1 X140.982 Y110.072 E544.93118 ; infill
G1 X140.982 Y110.419 E544.95992 ; infill
G1 X134.02 Y110.419 E545.53663 ; infill
G1 X134.02 Y110.766 E545.56537 ; infill
G1 X140.982 Y110.766 E546.14208 ; infill
G1 X140.981 Y111.113 E546.17082 ; infill
G1 X134.02 Y111.113 E546.74745 ; infill
G1 X134.02 Y111.46 E546.77619 ; infill
G1 X140.981 Y111.46 E547.35282 ; infill
G1 X140.981 Y111.807 E547.38156 ; infill
G1 X134.02 Y111.807 E547.95819 ; infill
G1 X134.02 Y112.154 E547.98693 ; infill
G1 X140.981 Y112.154 E548.56356 ; infill
G1 X140.981 Y112.501 E548.5923 ; infill
G1 X134.02 Y112.501 E549.16893 ; infill
G1 X134.02 Y112.849 E549.19776 ; infill
G1 X140.981 Y112.849 E549.77439 ; infill
G1 X140.981 Y113.196 E549.80313 ; infill
G1 X134.02 Y113.196 E550.37976 ; infill
G1 X134.02 Y113.543 E550.4085 ; infill
G1 X140.981 Y113.543 E550.98513 ; infill
G1 X140.98 Y113.89 E551.01387 ; infill
G1 X134.02 Y113.89 E551.59042 ; infill
G1 X134.02 Y114.237 E551.61916 ; infill
G1 X140.98 Y114.237 E552.19571 ; infill
G1 X140.98 Y114.584 E552.22445 ; infill
G1 X134.02 Y114.584 E552.801 ; infill
G1 X134.02 Y114.931 E552.82974 ; infill
G1 X140.98 Y114.931 E553.40629 ; infill
G1 X140.98 Y115.278 E553.43503 ; infill
G1 X134.02 Y115.278 E554.01158 ; infill
G1 X134.063 Y115.625 E554.04054 ; infill
G1 X140.945 Y115.625 E554.61063 ; infill
G1 X140.755 Y115.896 E554.63805 ; infill
G1 X140.515 Y115.972 E554.6589 ; infill
G1 X134.101 Y115.972 E555.19022 ; infill
;LAYER_CHANGE
;Z:6.5
;HEIGHT:0.25
;announce new layer <25>
;---
M756 S0.25
M790 ;execute any new layer actions
;---
G1 Z6.5 F1500 ; simple layer change
G1 X133.993 Y116.118 ; travel to first layer point
;TYPE:Perimeter
;WIDTH:0.384999
G1 X133.84 Y115.959 E555.2085 ; perimeter
G1 X133.689 Y115.53 E555.24617 ; perimeter
G1 X133.689 Y109.607 E555.73682 ; perimeter
G1 X133.723 Y109.348 E555.75846 ; perimeter
G1 X133.87 Y108.998 E555.78991 ; perimeter
G1 X134.098 Y108.802 E555.81482 ; perimeter
G1 X134.422 Y108.696 E555.84306 ; perimeter
G1 X140.424 Y108.688 E556.34025 ; perimeter
G1 X140.814 Y108.755 E556.37303 ; perimeter
G1 X141.144 Y109.017 E556.40793 ; perimeter
G1 X141.257 Y109.214 E556.42674 ; perimeter
G1 X141.313 Y109.576 E556.45708 ; perimeter
G1 X141.311 Y115.392 E556.93886 ; perimeter
G1 X141.277 Y115.655 E556.96083 ; perimeter
G1 X141.13 Y116.002 E556.99205 ; perimeter
G1 X140.891 Y116.201 E557.01781 ; perimeter
G1 X140.525 Y116.311 E557.04947 ; perimeter
G1 X134.608 Y116.311 E557.53962 ; perimeter
G1 X134.344 Y116.277 E557.56167 ; perimeter
G1 X134.056 Y116.156 E557.58755 ; perimeter
G1 X133.89 Y116.448 ; move to first perimeter point
G1 X133.814 Y116.407 E557.5947 ; perimeter
G1 X133.508 Y116.059 E557.63309 ; perimeter
G1 X133.358 Y115.549 E557.67713 ; perimeter
G1 X133.358 Y109.607 E558.16935 ; perimeter
G1 X133.398 Y109.283 E558.19639 ; perimeter
G1 X133.511 Y108.968 E558.22411 ; perimeter
G1 X133.731 Y108.658 E558.2556 ; perimeter
G1 X134.039 Y108.466 E558.28567 ; perimeter
G1 X134.389 Y108.365 E558.31585 ; perimeter
G1 X140.423 Y108.356 E558.81569 ; perimeter
G1 X140.719 Y108.38 E558.84029 ; perimeter
G1 X141.005 Y108.481 E558.86542 ; perimeter
G1 X141.396 Y108.797 E558.90706 ; perimeter
G1 X141.571 Y109.105 E558.9364 ; perimeter
G1 X141.645 Y109.576 E558.97589 ; perimeter
G1 X141.642 Y115.392 E559.45767 ; perimeter
G1 X141.569 Y115.883 E559.49879 ; perimeter
G1 X141.334 Y116.27 E559.5363 ; perimeter
G1 X141.046 Y116.498 E559.56673 ; perimeter
G1 X140.546 Y116.642 E559.60983 ; perimeter
G1 X134.608 Y116.642 E560.10172 ; perimeter
G1 X134.117 Y116.569 E560.14284 ; perimeter
G1 X133.957 Y116.483 E560.15789 ; perimeter
G1 X133.813 Y116.782 ; move to first perimeter point
G1 X133.618 Y116.678 E560.1762 ; perimeter
G1 X133.358 Y116.43 E560.20596 ; perimeter
G1 X133.162 Y116.071 E560.23984 ; perimeter
G1 X133.026 Y115.568 E560.283 ; perimeter
G1 X133.026 Y109.607 E560.77679 ; perimeter
G1 X133.115 Y109.005 E560.8272 ; perimeter
G1 X133.254 Y108.744 E560.8517 ; perimeter
G1 X133.508 Y108.41 E560.88646 ; perimeter
G1 X133.907 Y108.162 E560.92538 ; perimeter
G1 X134.356 Y108.033 E560.96408 ; perimeter
G1 X140.423 Y108.025 E561.46665 ; perimeter
G1 X140.785 Y108.054 E561.49673 ; perimeter
G1 X141.279 Y108.251 E561.54079 ; perimeter
G1 X141.647 Y108.577 E561.58152 ; perimeter
G1 X141.803 Y108.811 E561.60482 ; perimeter
G1 X141.911 Y109.096 E561.63007 ; perimeter
G1 X141.976 Y109.577 E561.67028 ; perimeter
G1 X141.974 Y115.392 E562.15198 ; perimeter
G1 X141.885 Y115.995 E562.20247 ; perimeter
G1 X141.783 Y116.186 E562.22041 ; perimeter
G1 X141.58 Y116.493 E562.2509 ; perimeter
G1 X141.2 Y116.795 E562.29111 ; perimeter
G1 X140.991 Y116.87 E562.3095 ; perimeter
G1 X140.566 Y116.974 E562.34574 ; perimeter
G1 X134.608 Y116.974 E562.83928 ; perimeter
G1 X134.005 Y116.885 E562.88977 ; perimeter
G1 X133.879 Y116.818 E562.90159 ; perimeter
G1 X133.735 Y117.117 ; move to first perimeter point
;TYPE:External perimeter
G1 X133.422 Y116.949 E562.93102 ; perimeter
G1 X133.219 Y116.756 E562.95422 ; perimeter
G1 X132.91 Y116.356 E562.99609 ; perimeter
G1 X132.769 Y115.948 E563.03185 ; perimeter
G1 X132.695 Y115.587 E563.06238 ; perimeter
G1 X132.695 Y109.42 E563.57324 ; perimeter
G1 X132.8 Y108.892 E563.61783 ; perimeter
G1 X132.962 Y108.588 E563.64636 ; perimeter
G1 X133.179 Y108.281 E563.6775 ; perimeter
G1 X133.603 Y107.933 E563.72294 ; perimeter
G1 X133.976 Y107.771 E563.75663 ; perimeter
G1 X134.323 Y107.702 E563.78594 ; perimeter
G1 X140.529 Y107.693 E564.30003 ; perimeter
G1 X141.006 Y107.775 E564.34012 ; perimeter
G1 X141.468 Y107.976 E564.38186 ; perimeter
G1 X141.899 Y108.358 E564.42957 ; perimeter
G1 X142.095 Y108.65 E564.4587 ; perimeter
G1 X142.25 Y109.087 E564.49711 ; perimeter
G1 X142.307 Y109.577 E564.53797 ; perimeter
G1 X142.305 Y115.58 E565.03524 ; perimeter
G1 X142.2 Y116.108 E565.07983 ; perimeter
G1 X141.949 Y116.579 E565.12404 ; perimeter
G1 X141.714 Y116.837 E565.15295 ; perimeter
G1 X141.354 Y117.091 E565.18945 ; perimeter
G1 X141.006 Y117.216 E565.22008 ; perimeter
G1 X140.586 Y117.305 E565.25564 ; perimeter
G1 X134.42 Y117.305 E565.76641 ; perimeter
G1 X133.892 Y117.2 E565.811 ; perimeter
G1 X133.802 Y117.152 E565.81945 ; perimeter
G1 X133.378 Y116.887 ; move inwards before travel
G1 X134.02 Y115.881 ; move to first infill point
;TYPE:Internal infill
;WIDTH:0.385
G1 X134.02 Y109.55 E566.34389 ; infill
G1 X134.138 Y109.2 E566.37449 ; infill
G1 X134.352 Y109.053 E566.396 ; infill
G1 X134.352 Y115.94 E566.9665 ; infill
G1 X134.683 Y115.98 E566.99412 ; infill
G1 X134.683 Y109.027 E567.57009 ; infill
G1 X135.015 Y109.027 E567.59759 ; infill
G1 X135.015 Y115.98 E568.17356 ; infill
G1 X135.346 Y115.98 E568.20098 ; infill
G1 X135.346 Y109.027 E568.77695 ; infill
G1 X135.678 Y109.026 E568.80445 ; infill
G1 X135.678 Y115.98 E569.3805 ; infill
G1 X136.009 Y115.98 E569.40792 ; infill
G1 X136.009 Y109.026 E569.98397 ; infill
G1 X136.341 Y109.026 E570.01147 ; infill
G1 X136.341 Y115.98 E570.58752 ; infill
G1 X136.672 Y115.98 E570.61494 ; infill
G1 X136.672 Y109.026 E571.19099 ; infill
G1 X137.004 Y109.026 E571.21849 ; infill
G1 X137.004 Y115.98 E571.79454 ; infill
G1 X137.335 Y115.98 E571.82196 ; infill
G1 X137.335 Y109.025 E572.39809 ; infill
G1 X137.667 Y109.025 E572.42559 ; infill
G1 X137.667 Y115.98 E573.00172 ; infill
G1 X137.998 Y115.98 E573.02914 ; infill
G1 X137.998 Y109.025 E573.60527 ; infill
G1 X138.33 Y109.025 E573.63277 ; infill
G1 X138.33 Y115.98 E574.2089 ; infill
G1 X138.661 Y115.98 E574.23632 ; infill
G1 X138.661 Y109.024 E574.81254 ; infill
G1 X138.993 Y109.024 E574.84004 ; infill
G1 X138.993 Y115.98 E575.41626 ; infill
G1 X139.324 Y115.98 E575.44368 ; infill
G1 X139.324 Y109.024 E576.0199 ; infill
G1 X139.656 Y109.024 E576.0474 ; infill
G1 X139.656 Y115.98 E576.62362 ; infill
G1 X139.987 Y115.98 E576.65104 ; infill
G1 X139.987 Y109.023 E577.22734 ; infill
G1 X140.319 Y109.023 E577.25484 ; infill
G1 X140.319 Y115.98 E577.83114 ; infill
G1 X140.65 Y115.93 E577.85887 ; infill
G1 X140.65 Y109.057 E578.42821 ; infill
G1 X140.888 Y109.233 E578.45273 ; infill
G1 X140.982 Y109.563 E578.48115 ; infill
G1 X140.982 Y115.892 E579.00543 ; infill
;LAYER_CHANGE
;Z:6.75
;HEIGHT:0.25
;announce new layer <26>
;---
M756 S0.25
M790 ;execute any new layer actions
;---
G1 Z6.75 F1500 ; simple layer change
G1 X141.099 Y115.992 ; travel to first layer point
;TYPE:Perimeter
;WIDTH:0.384999
G1 X140.946 Y116.174 E579.02513 ; perimeter
G1 X140.525 Y116.311 E579.0618 ; perimeter
G1 X134.608 Y116.311 E579.55195 ; perimeter
G1 X134.346 Y116.277 E579.57384 ; perimeter
G1 X134.01 Y116.136 E579.60402 ; perimeter
G1 X133.804 Y115.905 E579.62966 ; perimeter
G1 X133.689 Y115.525 E579.66255 ; perimeter
G1 X133.689 Y109.607 E580.15278 ; perimeter
G1 X133.723 Y109.348 E580.17442 ; perimeter
G1 X133.864 Y109.01 E580.20476 ; perimeter
G1 X134.119 Y108.788 E580.23277 ; perimeter
G1 X134.422 Y108.696 E580.259 ; perimeter
G1 X140.424 Y108.688 E580.75619 ; perimeter
G1 X140.813 Y108.755 E580.78889 ; perimeter
G1 X141.144 Y109.016 E580.82381 ; perimeter
G1 X141.257 Y109.214 E580.84269 ; perimeter
G1 X141.313 Y109.576 E580.87303 ; perimeter
G1 X141.311 Y115.482 E581.36227 ; perimeter
G1 X141.199 Y115.873 E581.39596 ; perimeter
G1 X141.147 Y115.934 E581.4026 ; perimeter
G1 X141.438 Y116.127 ; move to first perimeter point
G1 X141.412 Y116.176 E581.4072 ; perimeter
G1 X141.065 Y116.491 E581.44602 ; perimeter
G1 X140.546 Y116.642 E581.4908 ; perimeter
G1 X134.608 Y116.642 E581.98269 ; perimeter
G1 X134.281 Y116.602 E582.00998 ; perimeter
G1 X133.97 Y116.491 E582.03733 ; perimeter
G1 X133.713 Y116.311 E582.06332 ; perimeter
G1 X133.505 Y116.055 E582.09064 ; perimeter
G1 X133.358 Y115.546 E582.13453 ; perimeter
G1 X133.358 Y109.607 E582.6265 ; perimeter
G1 X133.398 Y109.284 E582.65346 ; perimeter
G1 X133.511 Y108.968 E582.68126 ; perimeter
G1 X133.695 Y108.707 E582.70771 ; perimeter
G1 X133.962 Y108.494 E582.736 ; perimeter
G1 X134.389 Y108.365 E582.77295 ; perimeter
G1 X140.423 Y108.356 E583.27279 ; perimeter
G1 X140.719 Y108.38 E583.29739 ; perimeter
G1 X141.006 Y108.482 E583.32262 ; perimeter
G1 X141.395 Y108.797 E583.36408 ; perimeter
G1 X141.571 Y109.105 E583.39347 ; perimeter
G1 X141.645 Y109.576 E583.43296 ; perimeter
G1 X141.642 Y115.392 E583.91474 ; perimeter
G1 X141.569 Y115.883 E583.95586 ; perimeter
G1 X141.474 Y116.061 E583.97257 ; perimeter
G1 X141.749 Y116.249 ; move to first perimeter point
G1 X141.681 Y116.376 E583.9845 ; perimeter
G1 X141.363 Y116.694 E584.02175 ; perimeter
G1 X140.99 Y116.87 E584.05592 ; perimeter
G1 X140.566 Y116.974 E584.09208 ; perimeter
G1 X134.608 Y116.974 E584.58562 ; perimeter
G1 X134.005 Y116.885 E584.63611 ; perimeter
G1 X133.618 Y116.678 E584.67247 ; perimeter
G1 X133.286 Y116.323 E584.71273 ; perimeter
G1 X133.13 Y115.99 E584.74319 ; perimeter
G1 X133.026 Y115.566 E584.77935 ; perimeter
G1 X133.026 Y109.607 E585.27298 ; perimeter
G1 X133.115 Y109.005 E585.32339 ; perimeter
G1 X133.322 Y108.618 E585.35975 ; perimeter
G1 X133.57 Y108.358 E585.38951 ; perimeter
G1 X133.928 Y108.149 E585.42385 ; perimeter
G1 X134.356 Y108.033 E585.46058 ; perimeter
G1 X140.509 Y108.025 E585.97028 ; perimeter
G1 X140.91 Y108.092 E586.00396 ; perimeter
G1 X141.281 Y108.252 E586.03743 ; perimeter
G1 X141.647 Y108.577 E586.07798 ; perimeter
G1 X141.803 Y108.811 E586.10128 ; perimeter
G1 X141.911 Y109.096 E586.12653 ; perimeter
G1 X141.976 Y109.577 E586.16674 ; perimeter
G1 X141.974 Y115.392 E586.64844 ; perimeter
G1 X141.885 Y115.995 E586.69893 ; perimeter
G1 X141.785 Y116.183 E586.71657 ; perimeter
G1 X142.075 Y116.342 ; move to first perimeter point
;TYPE:External perimeter
G1 X141.95 Y116.575 E586.73847 ; perimeter
G1 X141.464 Y117.022 E586.79317 ; perimeter
G1 X141.006 Y117.216 E586.83437 ; perimeter
G1 X140.586 Y117.305 E586.86993 ; perimeter
G1 X134.42 Y117.305 E587.3807 ; perimeter
G1 X133.892 Y117.2 E587.42529 ; perimeter
G1 X133.422 Y116.949 E587.46943 ; perimeter
G1 X133.222 Y116.758 E587.49234 ; perimeter
G1 X132.909 Y116.355 E587.53461 ; perimeter
G1 X132.784 Y116.006 E587.56532 ; perimeter
G1 X132.695 Y115.586 E587.60088 ; perimeter
G1 X132.695 Y109.42 E588.11165 ; perimeter
G1 X132.8 Y108.892 E588.15624 ; perimeter
G1 X133.051 Y108.423 E588.2003 ; perimeter
G1 X133.355 Y108.103 E588.23686 ; perimeter
G1 X133.816 Y107.837 E588.28095 ; perimeter
G1 X134.323 Y107.702 E588.32441 ; perimeter
G1 X140.527 Y107.693 E588.83833 ; perimeter
G1 X141.007 Y107.775 E588.87867 ; perimeter
G1 X141.471 Y107.977 E588.92059 ; perimeter
G1 X141.899 Y108.358 E588.96806 ; perimeter
G1 X142.095 Y108.65 E588.99719 ; perimeter
G1 X142.25 Y109.087 E589.0356 ; perimeter
G1 X142.307 Y109.577 E589.07646 ; perimeter
G1 X142.305 Y115.58 E589.57373 ; perimeter
G1 X142.2 Y116.108 E589.61832 ; perimeter
G1 X142.111 Y116.276 E589.63407 ; perimeter
G1 X141.817 Y116.68 ; move inwards before travel
G1 X140.886 Y109.031 ; move to first infill point
;TYPE:Internal infill
;WIDTH:0.385
G1 X134.451 Y109.031 E590.16713 ; infill
G1 X134.214 Y109.123 E590.18819 ; infill
G1 X134.055 Y109.378 E590.21308 ; infill
G1 X140.95 Y109.378 E590.78424 ; infill
G1 X140.982 Y109.725 E590.81311 ; infill
G1 X134.02 Y109.725 E591.38982 ; infill
G1 X134.02 Y110.072 E591.41856 ; infill
G1 X140.982 Y110.072 E591.99527 ; infill
G1 X140.982 Y110.419 E592.02401 ; infill
G1 X134.02 Y110.419 E592.60072 ; infill
G1 X134.02 Y110.766 E592.62946 ; infill
G1 X140.982 Y110.766 E593.20617 ; infill
G1 X140.981 Y111.113 E593.23491 ; infill
G1 X134.02 Y111.113 E593.81154 ; infill
G1 X134.02 Y111.46 E593.84028 ; infill
G1 X140.981 Y111.46 E594.41691 ; infill
G1 X140.981 Y111.807 E594.44565 ; infill
G1 X134.02 Y111.807 E595.02228 ; infill
G1 X134.02 Y112.154 E595.05102 ; infill
G1 X140.981 Y112.154 E595.62765 ; infill
G1 X140.981 Y112.501 E595.65639 ; infill
G1 X134.02 Y112.501 E596.23302 ; infill
G1 X134.02 Y112.848 E596.26176 ; infill
G1 X140.981 Y112.848 E596.83839 ; infill
G1 X140.981 Y113.195 E596.86713 ; infill
G1 X134.02 Y113.195 E597.44376 ; infill
G1 X134.02 Y113.543 E597.47259 ; infill
G1 X140.981 Y113.543 E598.04922 ; infill
G1 X140.98 Y113.89 E598.07796 ; infill
G1 X134.02 Y113.89 E598.65451 ; infill
G1 X134.02 Y114.237 E598.68325 ; infill
G1 X140.98 Y114.237 E599.2598 ; infill
G1 X140.98 Y114.584 E599.28854 ; infill
G1 X134.02 Y114.584 E599.86509 ; infill
G1 X134.02 Y114.931 E599.89383 ; infill
G1 X140.98 Y114.931 E600.47038 ; infill
G1 X140.98 Y115.278 E600.49912 ; infill
G1 X134.02 Y115.278 E601.07567 ; infill
G1 X134.062 Y115.625 E601.10462 ; infill
G1 X140.945 Y115.625 E601.67479 ; infill
G1 X140.755 Y115.896 E601.70221 ; infill
G1 X140.515 Y115.972 E601.72306 ; infill
G1 X134.104 Y115.972 E602.25413 ; infill
;LAYER_CHANGE
;Z:7
;HEIGHT:0.25
;announce new layer <27>
;---
M756 S0.25
M790 ;execute any new layer actions
;---
G1 Z7 F1500 ; simple layer change
G1 X133.994 Y116.118 ; travel to first layer point
;TYPE:Perimeter
;WIDTH:0.384999
G1 X133.804 Y115.905 E602.27777 ; perimeter
G1 X133.689 Y115.525 E602.31066 ; perimeter
G1 X133.689 Y109.607 E602.80089 ; perimeter
G1 X133.723 Y109.345 E602.82278 ; perimeter
G1 X133.87 Y108.998 E602.854 ; perimeter
G1 X134.062 Y108.824 E602.87546 ; perimeter
G1 X134.407 Y108.696 E602.90594 ; perimeter
G1 X140.424 Y108.688 E603.40437 ; perimeter
G1 X140.747 Y108.735 E603.43141 ; perimeter
G1 X141.037 Y108.895 E603.45885 ; perimeter
G1 X141.267 Y109.256 E603.49431 ; perimeter
G1 X141.313 Y109.576 E603.52109 ; perimeter
G1 X141.311 Y115.482 E604.01033 ; perimeter
G1 X141.199 Y115.873 E604.04402 ; perimeter
G1 X140.946 Y116.174 E604.07659 ; perimeter
G1 X140.525 Y116.311 E604.11326 ; perimeter
G1 X134.608 Y116.311 E604.60341 ; perimeter
G1 X134.346 Y116.277 E604.6253 ; perimeter
G1 X134.057 Y116.156 E604.65125 ; perimeter
G1 X133.88 Y116.428 ; move to first perimeter point
G1 X133.713 Y116.311 E604.66814 ; perimeter
G1 X133.505 Y116.055 E604.69546 ; perimeter
G1 X133.358 Y115.546 E604.73935 ; perimeter
G1 X133.358 Y109.607 E605.23132 ; perimeter
G1 X133.431 Y109.117 E605.27236 ; perimeter
G1 X133.597 Y108.805 E605.30164 ; perimeter
G1 X133.897 Y108.534 E605.33513 ; perimeter
G1 X134.378 Y108.365 E605.37736 ; perimeter
G1 X140.423 Y108.356 E605.87811 ; perimeter
G1 X140.72 Y108.38 E605.90279 ; perimeter
G1 X141.029 Y108.494 E605.93007 ; perimeter
G1 X141.322 Y108.716 E605.96052 ; perimeter
G1 X141.579 Y109.135 E606.00124 ; perimeter
G1 X141.645 Y109.576 E606.03818 ; perimeter
G1 X141.642 Y115.392 E606.51996 ; perimeter
G1 X141.569 Y115.883 E606.56108 ; perimeter
G1 X141.412 Y116.176 E606.58862 ; perimeter
G1 X141.065 Y116.491 E606.62744 ; perimeter
G1 X140.546 Y116.642 E606.67222 ; perimeter
G1 X134.608 Y116.642 E607.16411 ; perimeter
G1 X134.281 Y116.602 E607.1914 ; perimeter
G1 X133.97 Y116.491 E607.21875 ; perimeter
G1 X133.942 Y116.471 E607.2216 ; perimeter
G1 X133.751 Y116.749 ; move to first perimeter point
G1 X133.618 Y116.678 E607.23409 ; perimeter
G1 X133.286 Y116.323 E607.27435 ; perimeter
G1 X133.13 Y115.99 E607.30481 ; perimeter
G1 X133.026 Y115.566 E607.34097 ; perimeter
G1 X133.026 Y109.607 E607.8346 ; perimeter
G1 X133.115 Y109.005 E607.88501 ; perimeter
G1 X133.324 Y108.613 E607.92181 ; perimeter
G1 X133.609 Y108.335 E607.95479 ; perimeter
G1 X133.943 Y108.156 E607.98618 ; perimeter
G1 X134.349 Y108.033 E608.02132 ; perimeter
G1 X140.507 Y108.025 E608.53143 ; perimeter
G1 X140.917 Y108.094 E608.56587 ; perimeter
G1 X141.299 Y108.262 E608.60044 ; perimeter
G1 X141.567 Y108.494 E608.6298 ; perimeter
G1 X141.774 Y108.797 E608.6602 ; perimeter
G1 X141.931 Y109.177 E608.69426 ; perimeter
G1 X141.976 Y109.577 E608.7276 ; perimeter
G1 X141.974 Y115.392 E609.2093 ; perimeter
G1 X141.885 Y115.995 E609.25979 ; perimeter
G1 X141.681 Y116.376 E609.29559 ; perimeter
G1 X141.363 Y116.694 E609.33284 ; perimeter
G1 X140.99 Y116.87 E609.36701 ; perimeter
G1 X140.566 Y116.974 E609.40317 ; perimeter
G1 X134.608 Y116.974 E609.89671 ; perimeter
G1 X134.005 Y116.885 E609.9472 ; perimeter
G1 X133.817 Y116.785 E609.96484 ; perimeter
G1 X133.658 Y117.075 ; move to first perimeter point
;TYPE:External perimeter
G1 X133.422 Y116.949 E609.987 ; perimeter
G1 X133.222 Y116.758 E610.00991 ; perimeter
G1 X132.909 Y116.355 E610.05218 ; perimeter
G1 X132.784 Y116.006 E610.08289 ; perimeter
G1 X132.695 Y115.586 E610.11845 ; perimeter
G1 X132.695 Y109.42 E610.62922 ; perimeter
G1 X132.8 Y108.892 E610.67381 ; perimeter
G1 X132.96 Y108.593 E610.7019 ; perimeter
G1 X133.182 Y108.277 E610.73389 ; perimeter
G1 X133.568 Y107.953 E610.77564 ; perimeter
G1 X133.932 Y107.802 E610.80828 ; perimeter
G1 X134.321 Y107.702 E610.84155 ; perimeter
G1 X140.422 Y107.693 E611.34694 ; perimeter
G1 X140.684 Y107.71 E611.36869 ; perimeter
G1 X141.192 Y107.831 E611.41195 ; perimeter
G1 X141.59 Y108.067 E611.45028 ; perimeter
G1 X141.949 Y108.421 E611.49204 ; perimeter
G1 X142.202 Y108.895 E611.53655 ; perimeter
G1 X142.252 Y109.097 E611.55379 ; perimeter
G1 X142.307 Y109.577 E611.59381 ; perimeter
G1 X142.305 Y115.58 E612.09108 ; perimeter
G1 X142.2 Y116.108 E612.13567 ; perimeter
G1 X141.95 Y116.575 E612.17955 ; perimeter
G1 X141.464 Y117.022 E612.23425 ; perimeter
G1 X141.006 Y117.216 E612.27545 ; perimeter
G1 X140.586 Y117.305 E612.31101 ; perimeter
G1 X134.42 Y117.305 E612.82178 ; perimeter
G1 X133.892 Y117.2 E612.86637 ; perimeter
G1 X133.724 Y117.111 E612.88212 ; perimeter
G1 X133.312 Y116.828 ; move inwards before travel
G1 X134.02 Y115.879 ; move to first infill point
;TYPE:Internal infill
;WIDTH:0.385
G1 X134.02 Y109.55 E613.4064 ; infill
G1 X134.139 Y109.197 E613.43726 ; infill
G1 X134.352 Y109.066 E613.45797 ; infill
G1 X134.352 Y115.94 E614.02739 ; infill
G1 X134.683 Y115.98 E614.05501 ; infill
G1 X134.683 Y109.027 E614.63098 ; infill
G1 X135.015 Y109.027 E614.65848 ; infill
G1 X135.015 Y115.98 E615.23445 ; infill
G1 X135.346 Y115.98 E615.26187 ; infill
G1 X135.346 Y109.027 E615.83784 ; infill
G1 X135.678 Y109.026 E615.86534 ; infill
G1 X135.678 Y115.98 E616.44139 ; infill
G1 X136.009 Y115.98 E616.46881 ; infill
G1 X136.009 Y109.026 E617.04486 ; infill
G1 X136.341 Y109.026 E617.07236 ; infill
G1 X136.341 Y115.98 E617.64841 ; infill
G1 X136.672 Y115.98 E617.67583 ; infill
G1 X136.672 Y109.026 E618.25188 ; infill
G1 X137.004 Y109.025 E618.27938 ; infill
G1 X137.004 Y115.98 E618.85551 ; infill
G1 X137.335 Y115.98 E618.88293 ; infill
G1 X137.335 Y109.025 E619.45906 ; infill
G1 X137.667 Y109.025 E619.48656 ; infill
G1 X137.667 Y115.98 E620.06269 ; infill
G1 X137.998 Y115.98 E620.09011 ; infill
G1 X137.998 Y109.025 E620.66624 ; infill
G1 X138.33 Y109.024 E620.69374 ; infill
G1 X138.33 Y115.98 E621.26996 ; infill
G1 X138.661 Y115.98 E621.29738 ; infill
G1 X138.661 Y109.024 E621.8736 ; infill
G1 X138.993 Y109.024 E621.9011 ; infill
G1 X138.993 Y115.98 E622.47732 ; infill
G1 X139.324 Y115.98 E622.50474 ; infill
G1 X139.324 Y109.024 E623.08096 ; infill
G1 X139.656 Y109.023 E623.10846 ; infill
G1 X139.656 Y115.98 E623.68476 ; infill
G1 X139.987 Y115.98 E623.71218 ; infill
G1 X139.987 Y109.023 E624.28848 ; infill
G1 X140.319 Y109.023 E624.31598 ; infill
G1 X140.319 Y115.98 E624.89228 ; infill
G1 X140.65 Y115.929 E624.92002 ; infill
G1 X140.65 Y109.057 E625.48928 ; infill
G1 X140.857 Y109.19 E625.50966 ; infill
G1 X140.982 Y109.561 E625.54209 ; infill
G1 X140.982 Y115.88 E626.06554 ; infill
;LAYER_CHANGE
;Z:7.25
;HEIGHT:0.25
;announce new layer <28>
;---
M756 S0.25
M790 ;execute any new layer actions
;---
G1 Z7.25 F1500 ; simple layer change
G1 X141.116 Y116.008 ; travel to first layer point
;TYPE:Perimeter
;WIDTH:0.384999
G1 X140.905 Y116.196 E626.08895 ; perimeter
G1 X140.525 Y116.311 E626.12184 ; perimeter
G1 X134.608 Y116.311 E626.61199 ; perimeter
G1 X134.346 Y116.277 E626.63388 ; perimeter
G1 X134.01 Y116.136 E626.66406 ; perimeter
G1 X133.804 Y115.905 E626.6897 ; perimeter
G1 X133.689 Y115.525 E626.72259 ; perimeter
G1 X133.689 Y109.607 E627.21282 ; perimeter
G1 X133.723 Y109.345 E627.23471 ; perimeter
G1 X133.87 Y108.998 E627.26593 ; perimeter
G1 X134.18 Y108.761 E627.29825 ; perimeter
G1 X134.427 Y108.696 E627.31941 ; perimeter
G1 X140.424 Y108.687 E627.81619 ; perimeter
G1 X140.813 Y108.755 E627.8489 ; perimeter
G1 X141.091 Y108.97 E627.87801 ; perimeter
G1 X141.232 Y109.164 E627.89788 ; perimeter
G1 X141.313 Y109.668 E627.94017 ; perimeter
G1 X141.311 Y115.392 E628.41433 ; perimeter
G1 X141.277 Y115.655 E628.4363 ; perimeter
G1 X141.155 Y115.946 E628.46244 ; perimeter
G1 X141.428 Y116.12 ; move to first perimeter point
G1 X141.311 Y116.287 E628.47933 ; perimeter
G1 X141.055 Y116.495 E628.50665 ; perimeter
G1 X140.546 Y116.642 E628.55054 ; perimeter
G1 X134.608 Y116.642 E629.04243 ; perimeter
G1 X134.281 Y116.602 E629.06972 ; perimeter
G1 X133.97 Y116.491 E629.09707 ; perimeter
G1 X133.713 Y116.311 E629.12306 ; perimeter
G1 X133.505 Y116.055 E629.15038 ; perimeter
G1 X133.358 Y115.546 E629.19427 ; perimeter
G1 X133.358 Y109.607 E629.68624 ; perimeter
G1 X133.431 Y109.117 E629.72728 ; perimeter
G1 X133.659 Y108.738 E629.76392 ; perimeter
G1 X134.042 Y108.455 E629.80337 ; perimeter
G1 X134.393 Y108.365 E629.83339 ; perimeter
G1 X140.332 Y108.356 E630.32536 ; perimeter
G1 X140.72 Y108.38 E630.35756 ; perimeter
G1 X141.007 Y108.483 E630.38282 ; perimeter
G1 X141.395 Y108.796 E630.42412 ; perimeter
G1 X141.576 Y109.127 E630.45537 ; perimeter
G1 X141.645 Y109.668 E630.50055 ; perimeter
G1 X141.642 Y115.392 E630.97471 ; perimeter
G1 X141.602 Y115.719 E631.002 ; perimeter
G1 X141.491 Y116.03 E631.02935 ; perimeter
G1 X141.471 Y116.058 E631.0322 ; perimeter
G1 X141.749 Y116.249 ; move to first perimeter point
G1 X141.678 Y116.382 E631.04469 ; perimeter
G1 X141.323 Y116.714 E631.08495 ; perimeter
G1 X140.99 Y116.87 E631.11541 ; perimeter
G1 X140.566 Y116.974 E631.15157 ; perimeter
G1 X134.608 Y116.974 E631.64511 ; perimeter
G1 X134.005 Y116.885 E631.6956 ; perimeter
G1 X133.618 Y116.678 E631.73196 ; perimeter
G1 X133.286 Y116.323 E631.77222 ; perimeter
G1 X133.13 Y115.99 E631.80268 ; perimeter
G1 X133.026 Y115.566 E631.83884 ; perimeter
G1 X133.026 Y109.607 E632.33247 ; perimeter
G1 X133.115 Y109.005 E632.38288 ; perimeter
G1 X133.262 Y108.73 E632.40871 ; perimeter
G1 X133.502 Y108.417 E632.44138 ; perimeter
G1 X133.888 Y108.159 E632.47984 ; perimeter
G1 X134.358 Y108.033 E632.52015 ; perimeter
G1 X140.504 Y108.025 E633.02927 ; perimeter
G1 X140.912 Y108.092 E633.06352 ; perimeter
G1 X141.285 Y108.255 E633.09724 ; perimeter
G1 X141.647 Y108.577 E633.13737 ; perimeter
G1 X141.897 Y109.035 E633.18059 ; perimeter
G1 X141.976 Y109.668 E633.23343 ; perimeter
G1 X141.974 Y115.392 E633.70759 ; perimeter
G1 X141.885 Y115.995 E633.75808 ; perimeter
G1 X141.785 Y116.183 E633.77572 ; perimeter
G1 X142.075 Y116.342 ; move to first perimeter point
;TYPE:External perimeter
G1 X141.949 Y116.578 E633.79788 ; perimeter
G1 X141.759 Y116.778 E633.82073 ; perimeter
G1 X141.355 Y117.091 E633.86307 ; perimeter
G1 X141.006 Y117.216 E633.89378 ; perimeter
G1 X140.586 Y117.305 E633.92934 ; perimeter
G1 X134.42 Y117.305 E634.44011 ; perimeter
G1 X133.892 Y117.2 E634.4847 ; perimeter
G1 X133.422 Y116.949 E634.52884 ; perimeter
G1 X133.222 Y116.759 E634.55169 ; perimeter
G1 X132.909 Y116.355 E634.59403 ; perimeter
G1 X132.784 Y116.006 E634.62474 ; perimeter
G1 X132.695 Y115.586 E634.6603 ; perimeter
G1 X132.695 Y109.42 E635.17107 ; perimeter
G1 X132.8 Y108.892 E635.21566 ; perimeter
G1 X133.051 Y108.421 E635.25987 ; perimeter
G1 X133.284 Y108.164 E635.28861 ; perimeter
G1 X133.733 Y107.864 E635.33334 ; perimeter
G1 X134.324 Y107.702 E635.3841 ; perimeter
G1 X140.521 Y107.693 E635.89744 ; perimeter
G1 X141.008 Y107.775 E635.93835 ; perimeter
G1 X141.475 Y107.98 E635.9806 ; perimeter
G1 X141.899 Y108.358 E636.02765 ; perimeter
G1 X142.148 Y108.778 E636.0681 ; perimeter
G1 X142.248 Y109.135 E636.09881 ; perimeter
G1 X142.307 Y109.668 E636.14323 ; perimeter
G1 X142.305 Y115.58 E636.63296 ; perimeter
G1 X142.2 Y116.108 E636.67755 ; perimeter
G1 X142.111 Y116.276 E636.6933 ; perimeter
G1 X141.828 Y116.688 ; move inwards before travel
G1 X140.886 Y109.031 ; move to first infill point
;TYPE:Internal infill
;WIDTH:0.385
G1 X134.446 Y109.031 E637.22677 ; infill
G1 X134.135 Y109.205 E637.25629 ; infill
G1 X134.055 Y109.378 E637.27208 ; infill
G1 X140.944 Y109.378 E637.84275 ; infill
G1 X140.982 Y109.725 E637.87167 ; infill
G1 X134.02 Y109.725 E638.44838 ; infill
G1 X134.02 Y110.072 E638.47712 ; infill
G1 X140.982 Y110.072 E639.05383 ; infill
G1 X140.982 Y110.419 E639.08257 ; infill
G1 X134.02 Y110.419 E639.65928 ; infill
G1 X134.02 Y110.766 E639.68802 ; infill
G1 X140.982 Y110.766 E640.26473 ; infill
G1 X140.981 Y111.113 E640.29347 ; infill
G1 X134.02 Y111.113 E640.8701 ; infill
G1 X134.02 Y111.46 E640.89884 ; infill
G1 X140.981 Y111.46 E641.47547 ; infill
G1 X140.981 Y111.807 E641.50421 ; infill
G1 X134.02 Y111.807 E642.08084 ; infill
G1 X134.02 Y112.154 E642.10958 ; infill
G1 X140.981 Y112.154 E642.68621 ; infill
G1 X140.981 Y112.501 E642.71495 ; infill
G1 X134.02 Y112.501 E643.29158 ; infill
G1 X134.02 Y112.848 E643.32032 ; infill
G1 X140.981 Y112.848 E643.89695 ; infill
G1 X140.981 Y113.195 E643.92569 ; infill
G1 X134.02 Y113.195 E644.50232 ; infill
G1 X134.02 Y113.542 E644.53106 ; infill
G1 X140.981 Y113.542 E645.10769 ; infill
G1 X140.98 Y113.89 E645.13652 ; infill
G1 X134.02 Y113.89 E645.71307 ; infill
G1 X134.02 Y114.237 E645.74181 ; infill
G1 X140.98 Y114.237 E646.31836 ; infill
G1 X140.98 Y114.584 E646.3471 ; infill
G1 X134.02 Y114.584 E646.92365 ; infill
G1 X134.02 Y114.931 E646.95239 ; infill
G1 X140.98 Y114.931 E647.52894 ; infill
G1 X140.98 Y115.278 E647.55768 ; infill
G1 X134.02 Y115.278 E648.13423 ; infill
G1 X134.062 Y115.625 E648.16318 ; infill
G1 X140.945 Y115.625 E648.73335 ; infill
G1 X140.868 Y115.789 E648.74836 ; infill
G1 X140.745 Y115.9 E648.76208 ; infill
G1 X140.515 Y115.972 E648.78204 ; infill
G1 X134.104 Y115.972 E649.31311 ; infill
;LAYER_CHANGE
;Z:7.5
;HEIGHT:0.25
;announce new layer <29>
;---
M756 S0.25
M790 ;execute any new layer actions
;---
G1 Z7.5 F1500 ; simple layer change
G1 X133.992 Y116.116 ; travel to first layer point
;TYPE:Perimeter
;WIDTH:0.384999
G1 X133.804 Y115.905 E649.33652 ; perimeter
G1 X133.689 Y115.525 E649.36941 ; perimeter
G1 X133.689 Y109.607 E649.85964 ; perimeter
G1 X133.723 Y109.348 E649.88128 ; perimeter
G1 X133.864 Y109.01 E649.91162 ; perimeter
G1 X134.119 Y108.788 E649.93963 ; perimeter
G1 X134.422 Y108.696 E649.96586 ; perimeter
G1 X140.421 Y108.687 E650.4628 ; perimeter
G1 X140.78 Y108.745 E650.49292 ; perimeter
G1 X141.054 Y108.91 E650.51942 ; perimeter
G1 X141.257 Y109.214 E650.5497 ; perimeter
G1 X141.313 Y109.576 E650.58004 ; perimeter
G1 X141.311 Y115.392 E651.06182 ; perimeter
G1 X141.277 Y115.655 E651.08379 ; perimeter
G1 X141.132 Y115.998 E651.11464 ; perimeter
G1 X140.895 Y116.2 E651.14044 ; perimeter
G1 X140.525 Y116.311 E651.17244 ; perimeter
G1 X134.608 Y116.311 E651.66259 ; perimeter
G1 X134.346 Y116.277 E651.68448 ; perimeter
G1 X134.054 Y116.155 E651.71069 ; perimeter
G1 X133.88 Y116.428 ; move to first perimeter point
G1 X133.713 Y116.311 E651.72758 ; perimeter
G1 X133.505 Y116.055 E651.7549 ; perimeter
G1 X133.358 Y115.546 E651.79879 ; perimeter
G1 X133.358 Y109.607 E652.29076 ; perimeter
G1 X133.398 Y109.284 E652.31772 ; perimeter
G1 X133.511 Y108.968 E652.34552 ; perimeter
G1 X133.696 Y108.706 E652.37209 ; perimeter
G1 X133.962 Y108.494 E652.40027 ; perimeter
G1 X134.389 Y108.365 E652.43722 ; perimeter
G1 X140.42 Y108.356 E652.93681 ; perimeter
G1 X140.72 Y108.381 E652.96175 ; perimeter
G1 X141.078 Y108.515 E652.99342 ; perimeter
G1 X141.376 Y108.768 E653.0258 ; perimeter
G1 X141.571 Y109.105 E653.05805 ; perimeter
G1 X141.645 Y109.576 E653.09754 ; perimeter
G1 X141.642 Y115.392 E653.57932 ; perimeter
G1 X141.569 Y115.883 E653.62044 ; perimeter
G1 X141.324 Y116.278 E653.65894 ; perimeter
G1 X141.048 Y116.497 E653.68813 ; perimeter
G1 X140.546 Y116.642 E653.73141 ; perimeter
G1 X134.608 Y116.642 E654.2233 ; perimeter
G1 X134.281 Y116.602 E654.25059 ; perimeter
G1 X133.97 Y116.491 E654.27794 ; perimeter
G1 X133.942 Y116.471 E654.28079 ; perimeter
G1 X133.751 Y116.749 ; move to first perimeter point
G1 X133.618 Y116.678 E654.29328 ; perimeter
G1 X133.286 Y116.323 E654.33354 ; perimeter
G1 X133.13 Y115.99 E654.364 ; perimeter
G1 X133.026 Y115.566 E654.40016 ; perimeter
G1 X133.026 Y109.607 E654.89379 ; perimeter
G1 X133.115 Y109.005 E654.9442 ; perimeter
G1 X133.322 Y108.618 E654.98056 ; perimeter
G1 X133.57 Y108.358 E655.01032 ; perimeter
G1 X133.928 Y108.149 E655.04466 ; perimeter
G1 X134.356 Y108.033 E655.08139 ; perimeter
G1 X140.583 Y108.033 E655.59722 ; perimeter
G1 X141.07 Y108.14 E655.63852 ; perimeter
G1 X141.495 Y108.412 E655.68032 ; perimeter
G1 X141.803 Y108.811 E655.72207 ; perimeter
G1 X141.911 Y109.096 E655.74732 ; perimeter
G1 X141.976 Y109.577 E655.78753 ; perimeter
G1 X141.974 Y115.392 E656.26923 ; perimeter
G1 X141.885 Y115.995 E656.31972 ; perimeter
G1 X141.783 Y116.186 E656.33766 ; perimeter
G1 X141.568 Y116.503 E656.36939 ; perimeter
G1 X141.201 Y116.794 E656.40819 ; perimeter
G1 X140.991 Y116.869 E656.42666 ; perimeter
G1 X140.566 Y116.974 E656.46292 ; perimeter
G1 X134.608 Y116.974 E656.95646 ; perimeter
G1 X134.005 Y116.885 E657.00695 ; perimeter
G1 X133.817 Y116.785 E657.02459 ; perimeter
G1 X133.658 Y117.075 ; move to first perimeter point
;TYPE:External perimeter
G1 X133.422 Y116.949 E657.04675 ; perimeter
G1 X133.222 Y116.758 E657.06966 ; perimeter
G1 X132.909 Y116.355 E657.11193 ; perimeter
G1 X132.784 Y116.006 E657.14264 ; perimeter
G1 X132.695 Y115.586 E657.1782 ; perimeter
G1 X132.695 Y109.42 E657.68897 ; perimeter
G1 X132.8 Y108.892 E657.73356 ; perimeter
G1 X133.051 Y108.422 E657.7777 ; perimeter
G1 X133.355 Y108.103 E657.8142 ; perimeter
G1 X133.816 Y107.837 E657.85829 ; perimeter
G1 X134.323 Y107.702 E657.90175 ; perimeter
G1 X140.519 Y107.693 E658.41501 ; perimeter
G1 X141.017 Y107.778 E658.45686 ; perimeter
G1 X141.427 Y107.949 E658.49366 ; perimeter
G1 X141.805 Y108.257 E658.53405 ; perimeter
G1 X142.095 Y108.65 E658.57451 ; perimeter
G1 X142.245 Y109.068 E658.6113 ; perimeter
G1 X142.307 Y109.577 E658.65378 ; perimeter
G1 X142.305 Y115.58 E659.15105 ; perimeter
G1 X142.2 Y116.108 E659.19564 ; perimeter
G1 X141.949 Y116.578 E659.23978 ; perimeter
G1 X141.694 Y116.855 E659.27097 ; perimeter
G1 X141.354 Y117.091 E659.30525 ; perimeter
G1 X141.006 Y117.216 E659.33588 ; perimeter
G1 X140.586 Y117.305 E659.37144 ; perimeter
G1 X134.42 Y117.305 E659.88221 ; perimeter
G1 X133.892 Y117.2 E659.9268 ; perimeter
G1 X133.724 Y117.111 E659.94255 ; perimeter
G1 X133.312 Y116.828 ; move inwards before travel
G1 X134.02 Y115.879 ; move to first infill point
;TYPE:Internal infill
;WIDTH:0.385
G1 X134.02 Y109.55 E660.46683 ; infill
G1 X134.135 Y109.206 E660.49688 ; infill
G1 X134.352 Y109.061 E660.5185 ; infill
G1 X134.352 Y115.94 E661.08834 ; infill
G1 X134.683 Y115.98 E661.11596 ; infill
G1 X134.683 Y109.027 E661.69193 ; infill
G1 X135.015 Y109.027 E661.71943 ; infill
G1 X135.015 Y115.98 E662.2954 ; infill
G1 X135.346 Y115.98 E662.32282 ; infill
G1 X135.346 Y109.027 E662.89879 ; infill
G1 X135.678 Y109.026 E662.92629 ; infill
G1 X135.678 Y115.98 E663.50234 ; infill
G1 X136.009 Y115.98 E663.52976 ; infill
G1 X136.009 Y109.026 E664.10581 ; infill
G1 X136.341 Y109.026 E664.13331 ; infill
G1 X136.341 Y115.98 E664.70936 ; infill
G1 X136.672 Y115.98 E664.73678 ; infill
G1 X136.672 Y109.026 E665.31283 ; infill
G1 X137.004 Y109.025 E665.34033 ; infill
G1 X137.004 Y115.98 E665.91646 ; infill
G1 X137.335 Y115.98 E665.94388 ; infill
G1 X137.335 Y109.025 E666.52001 ; infill
G1 X137.667 Y109.025 E666.54751 ; infill
G1 X137.667 Y115.98 E667.12364 ; infill
G1 X137.998 Y115.98 E667.15106 ; infill
G1 X137.998 Y109.025 E667.72719 ; infill
G1 X138.33 Y109.024 E667.75469 ; infill
G1 X138.33 Y115.98 E668.33091 ; infill
G1 X138.661 Y115.98 E668.35833 ; infill
G1 X138.661 Y109.024 E668.93455 ; infill
G1 X138.993 Y109.024 E668.96205 ; infill
G1 X138.993 Y115.98 E669.53827 ; infill
G1 X139.324 Y115.98 E669.56569 ; infill
G1 X139.324 Y109.024 E670.14191 ; infill
G1 X139.656 Y109.023 E670.16941 ; infill
G1 X139.656 Y115.98 E670.74571 ; infill
G1 X139.987 Y115.98 E670.77313 ; infill
G1 X139.987 Y109.023 E671.34943 ; infill
G1 X140.319 Y109.023 E671.37693 ; infill
G1 X140.319 Y115.98 E671.95323 ; infill
G1 X140.65 Y115.93 E671.98096 ; infill
G1 X140.65 Y109.052 E672.55072 ; infill
G1 X140.861 Y109.193 E672.57174 ; infill
G1 X140.982 Y109.563 E672.60399 ; infill
G1 X140.982 Y115.892 E673.12827 ; infill
;LAYER_CHANGE
;Z:7.75
;HEIGHT:0.25
;announce new layer <30>
;---
M756 S0.25
M790 ;execute any new layer actions
;---
G1 Z7.75 F1500 ; simple layer change
G1 X141.114 Y116.004 ; travel to first layer point
;TYPE:Perimeter
;WIDTH:0.384999
G1 X140.935 Y116.18 E673.14906 ; perimeter
G1 X140.525 Y116.311 E673.18471 ; perimeter
G1 X134.608 Y116.311 E673.67486 ; perimeter
G1 X134.348 Y116.277 E673.69658 ; perimeter
G1 X134.002 Y116.132 E673.72766 ; perimeter
G1 X133.786 Y115.875 E673.75547 ; perimeter
G1 X133.689 Y115.5 E673.78756 ; perimeter
G1 X133.689 Y109.607 E674.27572 ; perimeter
G1 X133.723 Y109.348 E674.29736 ; perimeter
G1 X133.87 Y108.998 E674.32881 ; perimeter
G1 X134.089 Y108.807 E674.35288 ; perimeter
G1 X134.422 Y108.696 E674.38196 ; perimeter
G1 X140.418 Y108.687 E674.87865 ; perimeter
G1 X140.78 Y108.745 E674.90902 ; perimeter
G1 X141.042 Y108.902 E674.93432 ; perimeter
G1 X141.267 Y109.256 E674.96907 ; perimeter
G1 X141.313 Y109.576 E674.99585 ; perimeter
G1 X141.311 Y115.392 E675.47763 ; perimeter
G1 X141.278 Y115.646 E675.49885 ; perimeter
G1 X141.157 Y115.944 E675.52549 ; perimeter
G1 X141.438 Y116.127 ; move to first perimeter point
G1 X141.414 Y116.174 E675.52986 ; perimeter
G1 X141.286 Y116.299 E675.54468 ; perimeter
G1 X141.027 Y116.504 E675.57204 ; perimeter
G1 X140.546 Y116.642 E675.61349 ; perimeter
G1 X134.608 Y116.642 E676.10538 ; perimeter
G1 X134.283 Y116.602 E676.13251 ; perimeter
G1 X133.968 Y116.49 E676.1602 ; perimeter
G1 X133.649 Y116.257 E676.19292 ; perimeter
G1 X133.45 Y115.926 E676.22491 ; perimeter
G1 X133.358 Y115.528 E676.25875 ; perimeter
G1 X133.358 Y109.607 E676.74923 ; perimeter
G1 X133.398 Y109.283 E676.77627 ; perimeter
G1 X133.511 Y108.968 E676.80399 ; perimeter
G1 X133.732 Y108.657 E676.83559 ; perimeter
G1 X134.027 Y108.472 E676.86443 ; perimeter
G1 X134.389 Y108.365 E676.8957 ; perimeter
G1 X140.418 Y108.356 E677.39513 ; perimeter
G1 X140.72 Y108.381 E677.42023 ; perimeter
G1 X141.012 Y108.482 E677.44582 ; perimeter
G1 X141.327 Y108.722 E677.47862 ; perimeter
G1 X141.579 Y109.135 E677.5187 ; perimeter
G1 X141.645 Y109.576 E677.55564 ; perimeter
G1 X141.642 Y115.392 E678.03742 ; perimeter
G1 X141.569 Y115.883 E678.07854 ; perimeter
G1 X141.474 Y116.061 E678.09525 ; perimeter
G1 X141.749 Y116.249 ; move to first perimeter point
G1 X141.682 Y116.374 E678.107 ; perimeter
G1 X141.344 Y116.707 E678.1463 ; perimeter
G1 X140.983 Y116.872 E678.17918 ; perimeter
G1 X140.566 Y116.974 E678.21474 ; perimeter
G1 X134.608 Y116.974 E678.70828 ; perimeter
G1 X134.005 Y116.885 E678.75877 ; perimeter
G1 X133.615 Y116.676 E678.79542 ; perimeter
G1 X133.398 Y116.477 E678.81981 ; perimeter
G1 X133.142 Y116.051 E678.86098 ; perimeter
G1 X133.026 Y115.555 E678.90318 ; perimeter
G1 X133.026 Y109.607 E679.3959 ; perimeter
G1 X133.115 Y109.005 E679.44631 ; perimeter
G1 X133.324 Y108.613 E679.48311 ; perimeter
G1 X133.61 Y108.336 E679.51609 ; perimeter
G1 X133.925 Y108.155 E679.54618 ; perimeter
G1 X134.356 Y108.033 E679.58329 ; perimeter
G1 X140.418 Y108.025 E680.08545 ; perimeter
G1 X140.786 Y108.054 E680.11603 ; perimeter
G1 X141.252 Y108.232 E680.15735 ; perimeter
G1 X141.572 Y108.499 E680.19187 ; perimeter
G1 X141.773 Y108.796 E680.22158 ; perimeter
G1 X141.931 Y109.177 E680.25575 ; perimeter
G1 X141.976 Y109.577 E680.28909 ; perimeter
G1 X141.974 Y115.392 E680.77079 ; perimeter
G1 X141.885 Y115.995 E680.82128 ; perimeter
G1 X141.785 Y116.183 E680.83892 ; perimeter
G1 X142.075 Y116.342 ; move to first perimeter point
;TYPE:External perimeter
G1 X141.951 Y116.575 E680.86078 ; perimeter
G1 X141.454 Y117.03 E680.9166 ; perimeter
G1 X141.006 Y117.216 E680.95678 ; perimeter
G1 X140.586 Y117.305 E680.99234 ; perimeter
G1 X134.42 Y117.305 E681.50311 ; perimeter
G1 X133.892 Y117.2 E681.5477 ; perimeter
G1 X133.422 Y116.949 E681.59184 ; perimeter
G1 X133.147 Y116.696 E681.62279 ; perimeter
G1 X132.907 Y116.351 E681.6576 ; perimeter
G1 X132.765 Y116.002 E681.68881 ; perimeter
G1 X132.695 Y115.583 E681.724 ; perimeter
G1 X132.695 Y109.42 E682.23453 ; perimeter
G1 X132.8 Y108.892 E682.27912 ; perimeter
G1 X132.961 Y108.59 E682.30747 ; perimeter
G1 X133.18 Y108.279 E682.33898 ; perimeter
G1 X133.591 Y107.939 E682.38317 ; perimeter
G1 X133.976 Y107.771 E682.41797 ; perimeter
G1 X134.323 Y107.702 E682.44728 ; perimeter
G1 X140.417 Y107.693 E682.95209 ; perimeter
G1 X140.683 Y107.71 E682.97417 ; perimeter
G1 X141.194 Y107.832 E683.01769 ; perimeter
G1 X141.588 Y108.069 E683.05578 ; perimeter
G1 X141.949 Y108.421 E683.09755 ; perimeter
G1 X142.202 Y108.895 E683.14206 ; perimeter
G1 X142.252 Y109.097 E683.1593 ; perimeter
G1 X142.307 Y109.577 E683.19932 ; perimeter
G1 X142.305 Y115.58 E683.69659 ; perimeter
G1 X142.2 Y116.108 E683.74118 ; perimeter
G1 X142.111 Y116.276 E683.75693 ; perimeter
G1 X141.816 Y116.68 ; move inwards before travel
G1 X140.909 Y109.03 ; move to first infill point
;TYPE:Internal infill
;WIDTH:0.385
G1 X134.439 Y109.03 E684.29289 ; infill
G1 X134.138 Y109.199 E684.32149 ; infill
G1 X134.055 Y109.378 E684.33783 ; infill
G1 X140.954 Y109.378 E684.90933 ; infill
G1 X140.982 Y109.725 E684.93817 ; infill
G1 X134.02 Y109.725 E685.51488 ; infill
G1 X134.02 Y110.072 E685.54362 ; infill
G1 X140.982 Y110.072 E686.12033 ; infill
G1 X140.982 Y110.419 E686.14907 ; infill
G1 X134.02 Y110.419 E686.72578 ; infill
G1 X134.02 Y110.766 E686.75452 ; infill
G1 X140.982 Y110.766 E687.33123 ; infill
G1 X140.981 Y111.113 E687.35997 ; infill
G1 X134.02 Y111.113 E687.9366 ; infill
G1 X134.02 Y111.46 E687.96534 ; infill
G1 X140.981 Y111.46 E688.54197 ; infill
G1 X140.981 Y111.807 E688.57071 ; infill
G1 X134.02 Y111.807 E689.14734 ; infill
G1 X134.02 Y112.154 E689.17608 ; infill
G1 X140.981 Y112.154 E689.75271 ; infill
G1 X140.981 Y112.501 E689.78145 ; infill
G1 X134.02 Y112.501 E690.35808 ; infill
G1 X134.02 Y112.848 E690.38682 ; infill
G1 X140.981 Y112.848 E690.96345 ; infill
G1 X140.981 Y113.195 E690.99219 ; infill
G1 X134.02 Y113.195 E691.56882 ; infill
G1 X134.02 Y113.542 E691.59756 ; infill
G1 X140.981 Y113.542 E692.17419 ; infill
G1 X140.98 Y113.889 E692.20293 ; infill
G1 X134.02 Y113.889 E692.77948 ; infill
G1 X134.02 Y114.237 E692.80831 ; infill
G1 X140.98 Y114.237 E693.38486 ; infill
G1 X140.98 Y114.584 E693.4136 ; infill
G1 X134.02 Y114.584 E693.99015 ; infill
G1 X134.02 Y114.931 E694.01889 ; infill
G1 X140.98 Y114.931 E694.59544 ; infill
G1 X140.98 Y115.278 E694.62418 ; infill
G1 X134.02 Y115.278 E695.20073 ; infill
G1 X134.046 Y115.625 E695.22956 ; infill
G1 X140.945 Y115.625 E695.80106 ; infill
G1 X140.749 Y115.899 E695.82897 ; infill
G1 X140.515 Y115.972 E695.84928 ; infill
G1 X134.097 Y115.972 E696.38093 ; infill
;LAYER_CHANGE
;Z:8
;HEIGHT:0.25
;announce new layer <31>
;---
M756 S0.25
M790 ;execute any new layer actions
;---
G1 Z8 F1500 ; simple layer change
G1 X133.989 Y116.117 ; travel to first layer point
;TYPE:Perimeter
;WIDTH:0.384999
G1 X133.8 Y115.894 E696.40514 ; perimeter
G1 X133.689 Y115.525 E696.43706 ; perimeter
G1 X133.689 Y109.607 E696.92729 ; perimeter
G1 X133.723 Y109.345 E696.94918 ; perimeter
G1 X133.87 Y108.998 E696.9804 ; perimeter
G1 X134.062 Y108.824 E697.00186 ; perimeter
G1 X134.407 Y108.696 E697.03234 ; perimeter
G1 X140.416 Y108.687 E697.53011 ; perimeter
G1 X140.812 Y108.755 E697.56339 ; perimeter
G1 X141.084 Y108.943 E697.59078 ; perimeter
G1 X141.257 Y109.214 E697.61741 ; perimeter
G1 X141.313 Y109.576 E697.64775 ; perimeter
G1 X141.311 Y115.392 E698.12953 ; perimeter
G1 X141.278 Y115.648 E698.15091 ; perimeter
G1 X141.143 Y115.977 E698.18037 ; perimeter
G1 X140.898 Y116.205 E698.20809 ; perimeter
G1 X140.5 Y116.311 E698.24221 ; perimeter
G1 X134.608 Y116.311 E698.73029 ; perimeter
G1 X134.345 Y116.277 E698.75226 ; perimeter
G1 X134.052 Y116.153 E698.77862 ; perimeter
G1 X133.888 Y116.428 ; move to first perimeter point
G1 X133.724 Y116.326 E698.79462 ; perimeter
G1 X133.503 Y116.047 E698.8241 ; perimeter
G1 X133.358 Y115.546 E698.8673 ; perimeter
G1 X133.358 Y109.607 E699.35927 ; perimeter
G1 X133.431 Y109.117 E699.40031 ; perimeter
G1 X133.597 Y108.805 E699.42959 ; perimeter
G1 X133.897 Y108.534 E699.46308 ; perimeter
G1 X134.378 Y108.365 E699.50531 ; perimeter
G1 X140.416 Y108.356 E700.00548 ; perimeter
G1 X140.721 Y108.381 E700.03083 ; perimeter
G1 X141.128 Y108.547 E700.06724 ; perimeter
G1 X141.387 Y108.782 E700.09621 ; perimeter
G1 X141.571 Y109.105 E700.127 ; perimeter
G1 X141.645 Y109.576 E700.16649 ; perimeter
G1 X141.642 Y115.392 E700.64827 ; perimeter
G1 X141.569 Y115.883 E700.68939 ; perimeter
G1 X141.412 Y116.176 E700.71693 ; perimeter
G1 X141.155 Y116.434 E700.7471 ; perimeter
G1 X140.925 Y116.551 E700.76848 ; perimeter
G1 X140.527 Y116.642 E700.8023 ; perimeter
G1 X134.608 Y116.642 E701.29261 ; perimeter
G1 X134.117 Y116.569 E701.33373 ; perimeter
G1 X133.952 Y116.467 E701.3498 ; perimeter
G1 X133.755 Y116.743 ; move to first perimeter point
G1 X133.499 Y116.57 E701.37539 ; perimeter
G1 X133.206 Y116.201 E701.41442 ; perimeter
G1 X133.131 Y115.991 E701.43289 ; perimeter
G1 X133.026 Y115.566 E701.46915 ; perimeter
G1 X133.026 Y109.607 E701.96278 ; perimeter
G1 X133.115 Y109.005 E702.01319 ; perimeter
G1 X133.324 Y108.613 E702.04999 ; perimeter
G1 X133.609 Y108.335 E702.08297 ; perimeter
G1 X133.943 Y108.156 E702.11436 ; perimeter
G1 X134.349 Y108.033 E702.1495 ; perimeter
G1 X140.577 Y108.033 E702.66541 ; perimeter
G1 X141.065 Y108.139 E702.70678 ; perimeter
G1 X141.49 Y108.408 E702.74845 ; perimeter
G1 X141.803 Y108.81 E702.79065 ; perimeter
G1 X141.911 Y109.098 E702.81613 ; perimeter
G1 X141.976 Y109.577 E702.85617 ; perimeter
G1 X141.974 Y115.392 E703.33787 ; perimeter
G1 X141.885 Y115.995 E703.38836 ; perimeter
G1 X141.681 Y116.376 E703.42416 ; perimeter
G1 X141.363 Y116.694 E703.46141 ; perimeter
G1 X141.05 Y116.858 E703.49068 ; perimeter
G1 X140.555 Y116.974 E703.5328 ; perimeter
G1 X134.608 Y116.974 E704.02543 ; perimeter
G1 X134.005 Y116.885 E704.07592 ; perimeter
G1 X133.817 Y116.785 E704.09356 ; perimeter
G1 X133.658 Y117.075 ; move to first perimeter point
;TYPE:External perimeter
G1 X133.422 Y116.949 E704.11572 ; perimeter
G1 X133.148 Y116.698 E704.1465 ; perimeter
G1 X132.909 Y116.354 E704.1812 ; perimeter
G1 X132.784 Y116.006 E704.21183 ; perimeter
G1 X132.695 Y115.586 E704.24739 ; perimeter
G1 X132.695 Y109.42 E704.75816 ; perimeter
G1 X132.8 Y108.892 E704.80275 ; perimeter
G1 X132.96 Y108.593 E704.83084 ; perimeter
G1 X133.182 Y108.277 E704.86283 ; perimeter
G1 X133.568 Y107.953 E704.90458 ; perimeter
G1 X133.932 Y107.802 E704.93722 ; perimeter
G1 X134.321 Y107.702 E704.97049 ; perimeter
G1 X140.513 Y107.693 E705.48342 ; perimeter
G1 X141.027 Y107.781 E705.52662 ; perimeter
G1 X141.487 Y107.987 E705.56837 ; perimeter
G1 X141.809 Y108.263 E705.6035 ; perimeter
G1 X142.094 Y108.65 E705.64331 ; perimeter
G1 X142.245 Y109.067 E705.68005 ; perimeter
G1 X142.307 Y109.577 E705.72261 ; perimeter
G1 X142.305 Y115.58 E706.21988 ; perimeter
G1 X142.2 Y116.108 E706.26447 ; perimeter
G1 X141.95 Y116.575 E706.30835 ; perimeter
G1 X141.451 Y117.031 E706.36435 ; perimeter
G1 X141.005 Y117.234 E706.40494 ; perimeter
G1 X140.583 Y117.305 E706.44039 ; perimeter
G1 X134.42 Y117.305 E706.95092 ; perimeter
G1 X133.892 Y117.2 E706.99551 ; perimeter
G1 X133.724 Y117.11 E707.0113 ; perimeter
G1 X133.309 Y116.831 ; move inwards before travel
G1 X134.02 Y115.877 ; move to first infill point
;TYPE:Internal infill
;WIDTH:0.385
G1 X134.02 Y109.55 E707.53541 ; infill
G1 X134.139 Y109.197 E707.56627 ; infill
G1 X134.352 Y109.066 E707.58698 ; infill
G1 X134.352 Y115.94 E708.1564 ; infill
G1 X134.683 Y115.98 E708.18402 ; infill
G1 X134.683 Y109.027 E708.75999 ; infill
G1 X135.015 Y109.027 E708.78749 ; infill
G1 X135.015 Y115.98 E709.36346 ; infill
G1 X135.346 Y115.98 E709.39088 ; infill
G1 X135.346 Y109.027 E709.96685 ; infill
G1 X135.678 Y109.026 E709.99435 ; infill
G1 X135.678 Y115.98 E710.5704 ; infill
G1 X136.009 Y115.98 E710.59782 ; infill
G1 X136.009 Y109.026 E711.17387 ; infill
G1 X136.341 Y109.026 E711.20137 ; infill
G1 X136.341 Y115.98 E711.77742 ; infill
G1 X136.672 Y115.98 E711.80484 ; infill
G1 X136.672 Y109.026 E712.38089 ; infill
G1 X137.004 Y109.025 E712.40839 ; infill
G1 X137.004 Y115.98 E712.98452 ; infill
G1 X137.335 Y115.98 E713.01194 ; infill
G1 X137.335 Y109.025 E713.58807 ; infill
G1 X137.667 Y109.025 E713.61557 ; infill
G1 X137.667 Y115.98 E714.1917 ; infill
G1 X137.998 Y115.98 E714.21912 ; infill
G1 X137.998 Y109.024 E714.79534 ; infill
G1 X138.33 Y109.024 E714.82284 ; infill
G1 X138.33 Y115.98 E715.39906 ; infill
G1 X138.661 Y115.98 E715.42648 ; infill
G1 X138.661 Y109.024 E716.0027 ; infill
G1 X138.993 Y109.024 E716.0302 ; infill
G1 X138.993 Y115.98 E716.60642 ; infill
G1 X139.324 Y115.98 E716.63384 ; infill
G1 X139.324 Y109.023 E717.21014 ; infill
G1 X139.656 Y109.023 E717.23764 ; infill
G1 X139.656 Y115.98 E717.81394 ; infill
G1 X139.987 Y115.98 E717.84136 ; infill
G1 X139.987 Y109.023 E718.41766 ; infill
G1 X140.319 Y109.023 E718.44516 ; infill
G1 X140.319 Y115.98 E719.02146 ; infill
G1 X140.65 Y115.947 E719.04902 ; infill
G1 X140.65 Y109.052 E719.62018 ; infill
G1 X140.862 Y109.191 E719.64118 ; infill
G1 X140.982 Y109.563 E719.67356 ; infill
G1 X140.982 Y115.88 E720.19684 ; infill
;LAYER_CHANGE
;Z:8.25
;HEIGHT:0.25
;announce new layer <32>
;---
M756 S0.25
M790 ;execute any new layer actions
;---
G1 Z8.25 F1500 ; simple layer change
G1 X141.12 Y116.01 ; travel to first layer point
;TYPE:Perimeter
;WIDTH:0.384999
G1 X140.879 Y116.21 E720.22278 ; perimeter
G1 X140.511 Y116.311 E720.25439 ; perimeter
G1 X134.608 Y116.311 E720.74338 ; perimeter
G1 X134.356 Y116.279 E720.76442 ; perimeter
G1 X134.026 Y116.145 E720.79392 ; perimeter
G1 X133.794 Y115.896 E720.82211 ; perimeter
G1 X133.689 Y115.497 E720.85629 ; perimeter
G1 X133.689 Y109.607 E721.3442 ; perimeter
G1 X133.723 Y109.348 E721.36584 ; perimeter
G1 X133.87 Y108.998 E721.39729 ; perimeter
G1 X134.086 Y108.808 E721.42112 ; perimeter
G1 X134.422 Y108.696 E721.45046 ; perimeter
G1 X140.414 Y108.687 E721.94682 ; perimeter
G1 X140.78 Y108.745 E721.97752 ; perimeter
G1 X141.042 Y108.902 E722.00282 ; perimeter
G1 X141.267 Y109.256 E722.03757 ; perimeter
G1 X141.313 Y109.576 E722.06435 ; perimeter
G1 X141.311 Y115.392 E722.54613 ; perimeter
G1 X141.277 Y115.652 E722.56785 ; perimeter
G1 X141.154 Y115.945 E722.59417 ; perimeter
G1 X141.427 Y116.12 ; move to first perimeter point
G1 X141.273 Y116.338 E722.61628 ; perimeter
G1 X140.912 Y116.552 E722.65104 ; perimeter
G1 X140.535 Y116.642 E722.68315 ; perimeter
G1 X134.608 Y116.642 E723.17413 ; perimeter
G1 X134.117 Y116.569 E723.21525 ; perimeter
G1 X133.826 Y116.413 E723.2426 ; perimeter
G1 X133.6 Y116.185 E723.26919 ; perimeter
G1 X133.452 Y115.937 E723.29311 ; perimeter
G1 X133.358 Y115.525 E723.32812 ; perimeter
G1 X133.358 Y109.607 E723.81835 ; perimeter
G1 X133.398 Y109.283 E723.84539 ; perimeter
G1 X133.511 Y108.968 E723.87311 ; perimeter
G1 X133.732 Y108.657 E723.90471 ; perimeter
G1 X134.022 Y108.475 E723.93307 ; perimeter
G1 X134.389 Y108.365 E723.96481 ; perimeter
G1 X140.414 Y108.356 E724.4639 ; perimeter
G1 X140.721 Y108.381 E724.48942 ; perimeter
G1 X141.012 Y108.482 E724.51494 ; perimeter
G1 X141.327 Y108.722 E724.54774 ; perimeter
G1 X141.579 Y109.135 E724.58782 ; perimeter
G1 X141.645 Y109.576 E724.62476 ; perimeter
G1 X141.642 Y115.392 E725.10654 ; perimeter
G1 X141.602 Y115.716 E725.13358 ; perimeter
G1 X141.489 Y116.032 E725.16138 ; perimeter
G1 X141.471 Y116.058 E725.164 ; perimeter
G1 X141.749 Y116.249 ; move to first perimeter point
G1 X141.676 Y116.387 E725.17693 ; perimeter
G1 X141.337 Y116.698 E725.21504 ; perimeter
G1 X141.012 Y116.869 E725.24546 ; perimeter
G1 X140.559 Y116.974 E725.28398 ; perimeter
G1 X134.608 Y116.974 E725.77694 ; perimeter
G1 X134.005 Y116.885 E725.82743 ; perimeter
G1 X133.625 Y116.682 E725.86312 ; perimeter
G1 X133.295 Y116.348 E725.90201 ; perimeter
G1 X133.146 Y116.063 E725.92865 ; perimeter
G1 X133.026 Y115.554 E725.97197 ; perimeter
G1 X133.026 Y109.607 E726.4646 ; perimeter
G1 X133.115 Y109.005 E726.51501 ; perimeter
G1 X133.324 Y108.613 E726.55181 ; perimeter
G1 X133.61 Y108.336 E726.58479 ; perimeter
G1 X133.924 Y108.156 E726.61477 ; perimeter
G1 X134.356 Y108.033 E726.65198 ; perimeter
G1 X140.413 Y108.025 E727.15373 ; perimeter
G1 X140.786 Y108.054 E727.18472 ; perimeter
G1 X141.252 Y108.232 E727.22604 ; perimeter
G1 X141.572 Y108.499 E727.26056 ; perimeter
G1 X141.773 Y108.795 E727.2902 ; perimeter
G1 X141.931 Y109.177 E727.32444 ; perimeter
G1 X141.976 Y109.577 E727.35778 ; perimeter
G1 X141.974 Y115.392 E727.83948 ; perimeter
G1 X141.885 Y115.995 E727.88997 ; perimeter
G1 X141.785 Y116.183 E727.90761 ; perimeter
G1 X142.075 Y116.342 ; move to first perimeter point
;TYPE:External perimeter
G1 X141.949 Y116.579 E727.92984 ; perimeter
G1 X141.714 Y116.837 E727.95875 ; perimeter
G1 X141.352 Y117.093 E727.99548 ; perimeter
G1 X140.938 Y117.253 E728.03225 ; perimeter
G1 X140.584 Y117.305 E728.06189 ; perimeter
G1 X134.42 Y117.305 E728.5725 ; perimeter
G1 X133.892 Y117.2 E728.61709 ; perimeter
G1 X133.425 Y116.951 E728.66093 ; perimeter
G1 X133.034 Y116.555 E728.70703 ; perimeter
G1 X132.772 Y116.026 E728.75593 ; perimeter
G1 X132.695 Y115.583 E728.79318 ; perimeter
G1 X132.695 Y109.42 E729.30371 ; perimeter
G1 X132.8 Y108.892 E729.3483 ; perimeter
G1 X132.961 Y108.59 E729.37665 ; perimeter
G1 X133.18 Y108.279 E729.40816 ; perimeter
G1 X133.587 Y107.942 E729.45193 ; perimeter
G1 X133.977 Y107.771 E729.48721 ; perimeter
G1 X134.323 Y107.702 E729.51644 ; perimeter
G1 X140.413 Y107.693 E730.02092 ; perimeter
G1 X140.682 Y107.711 E730.04325 ; perimeter
G1 X141.194 Y107.832 E730.08683 ; perimeter
G1 X141.588 Y108.069 E730.12492 ; perimeter
G1 X141.948 Y108.421 E730.16663 ; perimeter
G1 X142.202 Y108.895 E730.21118 ; perimeter
G1 X142.252 Y109.097 E730.22842 ; perimeter
G1 X142.307 Y109.577 E730.26844 ; perimeter
G1 X142.305 Y115.58 E730.76571 ; perimeter
G1 X142.2 Y116.108 E730.8103 ; perimeter
G1 X142.111 Y116.276 E730.82605 ; perimeter
G1 X141.833 Y116.691 ; move inwards before travel
G1 X134.542 Y116.063 ; move to first infill point
;TYPE:Solid infill
;WIDTH:0.47865
G1 X140.616 Y116.053 E731.47141 ; infill
;WIDTH:0.384999
G1 X140.844 Y115.814 E731.49877 ; infill
G1 X134.167 Y115.814 E732.05187 ; infill
G1 X134.023 Y115.483 E732.08177 ; infill
G1 X140.973 Y115.483 E732.65749 ; infill
G1 X140.98 Y115.151 E732.685 ; infill
G1 X134.02 Y115.151 E733.26155 ; infill
G1 X134.02 Y114.82 E733.28897 ; infill
G1 X140.98 Y114.82 E733.86552 ; infill
G1 X140.98 Y114.489 E733.89294 ; infill
G1 X134.02 Y114.489 E734.46949 ; infill
G1 X134.02 Y114.157 E734.49699 ; infill
G1 X140.98 Y114.157 E735.07354 ; infill
G1 X140.98 Y113.826 E735.10096 ; infill
G1 X134.02 Y113.826 E735.67751 ; infill
G1 X134.02 Y113.495 E735.70493 ; infill
G1 X140.981 Y113.495 E736.28156 ; infill
G1 X140.981 Y113.163 E736.30906 ; infill
G1 X134.02 Y113.163 E736.88569 ; infill
G1 X134.02 Y112.832 E736.91311 ; infill
G1 X140.981 Y112.832 E737.48974 ; infill
G1 X140.981 Y112.501 E737.51716 ; infill
G1 X134.02 Y112.501 E738.09379 ; infill
G1 X134.02 Y112.169 E738.12129 ; infill
G1 X140.981 Y112.169 E738.69792 ; infill
G1 X140.981 Y111.838 E738.72534 ; infill
G1 X134.02 Y111.838 E739.30197 ; infill
G1 X134.02 Y111.506 E739.32947 ; infill
G1 X140.981 Y111.506 E739.9061 ; infill
G1 X140.981 Y111.175 E739.93352 ; infill
G1 X134.02 Y111.175 E740.51015 ; infill
G1 X134.02 Y110.844 E740.53757 ; infill
G1 X140.982 Y110.844 E741.11428 ; infill
G1 X140.982 Y110.512 E741.14178 ; infill
G1 X134.02 Y110.512 E741.71849 ; infill
G1 X134.02 Y110.181 E741.74591 ; infill
G1 X140.982 Y110.181 E742.32262 ; infill
G1 X140.982 Y109.85 E742.35004 ; infill
G1 X134.02 Y109.85 E742.92675 ; infill
G1 X134.027 Y109.518 E742.95426 ; infill
G1 X140.975 Y109.518 E743.52981 ; infill
G1 X140.854 Y109.187 E743.559 ; infill
G1 X134.152 Y109.187 E744.11418 ; infill
G1 X134.465 Y109.024 E744.14341 ; infill
;WIDTH:0.47865
G1 X140.473 Y109.022 E744.78176 ; infill
;LAYER_CHANGE
;Z:8.5
;HEIGHT:0.25
;announce new layer <33>
;---
M756 S0.25
M790 ;execute any new layer actions
;---
G1 Z8.5 F1500 ; simple layer change
G1 X140.616 Y108.719 ; travel to first layer point
;TYPE:Perimeter
;WIDTH:0.384999
G1 X140.78 Y108.745 E744.79551 ; perimeter
G1 X141.054 Y108.91 E744.82201 ; perimeter
G1 X141.257 Y109.214 E744.85229 ; perimeter
G1 X141.313 Y109.576 E744.88263 ; perimeter
G1 X141.311 Y115.482 E745.37187 ; perimeter
G1 X141.199 Y115.873 E745.40556 ; perimeter
G1 X140.946 Y116.174 E745.43813 ; perimeter
G1 X140.525 Y116.311 E745.4748 ; perimeter
G1 X134.608 Y116.311 E745.96495 ; perimeter
G1 X134.348 Y116.277 E745.98667 ; perimeter
G1 X134.01 Y116.136 E746.01701 ; perimeter
G1 X133.789 Y115.883 E746.04484 ; perimeter
G1 X133.689 Y115.499 E746.07771 ; perimeter
G1 X133.689 Y109.607 E746.56579 ; perimeter
G1 X133.723 Y109.345 E746.58768 ; perimeter
G1 X133.87 Y108.998 E746.6189 ; perimeter
G1 X134.062 Y108.824 E746.64036 ; perimeter
G1 X134.407 Y108.696 E746.67084 ; perimeter
G1 X140.412 Y108.687 E747.16828 ; perimeter
G1 X140.542 Y108.708 E747.17919 ; perimeter
G1 X140.667 Y108.376 ; move to first perimeter point
G1 X140.721 Y108.381 E747.18368 ; perimeter
G1 X141.078 Y108.515 E747.21527 ; perimeter
G1 X141.376 Y108.768 E747.24765 ; perimeter
G1 X141.571 Y109.105 E747.2799 ; perimeter
G1 X141.645 Y109.576 E747.31939 ; perimeter
G1 X141.642 Y115.392 E747.80117 ; perimeter
G1 X141.569 Y115.883 E747.84229 ; perimeter
G1 X141.412 Y116.176 E747.86983 ; perimeter
G1 X141.065 Y116.491 E747.90865 ; perimeter
G1 X140.546 Y116.642 E747.95343 ; perimeter
G1 X134.608 Y116.642 E748.44532 ; perimeter
G1 X134.117 Y116.569 E748.48644 ; perimeter
G1 X133.814 Y116.407 E748.5149 ; perimeter
G1 X133.613 Y116.215 E748.53793 ; perimeter
G1 X133.457 Y115.946 E748.56369 ; perimeter
G1 X133.358 Y115.527 E748.59935 ; perimeter
G1 X133.358 Y109.607 E749.08975 ; perimeter
G1 X133.431 Y109.117 E749.13079 ; perimeter
G1 X133.597 Y108.805 E749.16007 ; perimeter
G1 X133.897 Y108.534 E749.19356 ; perimeter
G1 X134.378 Y108.365 E749.23579 ; perimeter
G1 X140.411 Y108.356 E749.73555 ; perimeter
G1 X140.592 Y108.37 E749.75059 ; perimeter
G1 X140.713 Y108.063 ; move to first perimeter point
G1 X141.07 Y108.14 E749.78084 ; perimeter
G1 X141.495 Y108.412 E749.82264 ; perimeter
G1 X141.803 Y108.811 E749.86439 ; perimeter
G1 X141.911 Y109.096 E749.88964 ; perimeter
G1 X141.976 Y109.577 E749.92985 ; perimeter
G1 X141.974 Y115.392 E750.41155 ; perimeter
G1 X141.885 Y115.995 E750.46204 ; perimeter
G1 X141.681 Y116.376 E750.49784 ; perimeter
G1 X141.363 Y116.694 E750.53509 ; perimeter
G1 X140.99 Y116.87 E750.56926 ; perimeter
G1 X140.566 Y116.974 E750.60542 ; perimeter
G1 X134.608 Y116.974 E751.09896 ; perimeter
G1 X134.005 Y116.885 E751.14945 ; perimeter
G1 X133.618 Y116.678 E751.18581 ; perimeter
G1 X133.358 Y116.43 E751.21557 ; perimeter
G1 X133.146 Y116.06 E751.25089 ; perimeter
G1 X133.026 Y115.555 E751.29389 ; perimeter
G1 X133.026 Y109.607 E751.78661 ; perimeter
G1 X133.115 Y109.005 E751.83702 ; perimeter
G1 X133.324 Y108.613 E751.87382 ; perimeter
G1 X133.609 Y108.335 E751.9068 ; perimeter
G1 X133.943 Y108.156 E751.93819 ; perimeter
G1 X134.349 Y108.033 E751.97333 ; perimeter
G1 X140.572 Y108.033 E752.48883 ; perimeter
G1 X140.64 Y108.047 E752.49458 ; perimeter
G1 X140.762 Y107.736 ; move to first perimeter point
;TYPE:External perimeter
G1 X141.019 Y107.779 E752.51617 ; perimeter
G1 X141.427 Y107.949 E752.55278 ; perimeter
G1 X141.805 Y108.257 E752.59317 ; perimeter
G1 X142.095 Y108.65 E752.63363 ; perimeter
G1 X142.245 Y109.066 E752.67026 ; perimeter
G1 X142.307 Y109.577 E752.7129 ; perimeter
G1 X142.305 Y115.58 E753.21017 ; perimeter
G1 X142.2 Y116.108 E753.25476 ; perimeter
G1 X141.95 Y116.575 E753.29864 ; perimeter
G1 X141.464 Y117.022 E753.35334 ; perimeter
G1 X141.006 Y117.216 E753.39454 ; perimeter
G1 X140.586 Y117.305 E753.4301 ; perimeter
G1 X134.42 Y117.305 E753.94087 ; perimeter
G1 X133.892 Y117.2 E753.98546 ; perimeter
G1 X133.422 Y116.949 E754.0296 ; perimeter
G1 X133.251 Y116.786 E754.04917 ; perimeter
G1 X133 Y116.492 E754.08119 ; perimeter
G1 X132.767 Y116.01 E754.12554 ; perimeter
G1 X132.695 Y115.583 E754.16141 ; perimeter
G1 X132.695 Y109.42 E754.67194 ; perimeter
G1 X132.8 Y108.892 E754.71653 ; perimeter
G1 X132.96 Y108.593 E754.74462 ; perimeter
G1 X133.182 Y108.277 E754.77661 ; perimeter
G1 X133.568 Y107.953 E754.81836 ; perimeter
G1 X133.932 Y107.802 E754.851 ; perimeter
G1 X134.321 Y107.702 E754.88427 ; perimeter
G1 X140.508 Y107.693 E755.39678 ; perimeter
G1 X140.688 Y107.723 E755.4119 ; perimeter
G1 X141.171 Y107.852 ; move inwards before travel
G1 X133.937 Y109.542 ; move to first infill point
;TYPE:Solid infill
;WIDTH:0.47865
G1 X133.937 Y115.478 E756.0426 ; infill
G1 X133.953 Y115.667 E756.06275 ; infill
;WIDTH:0.384999
G1 X134.186 Y115.846 E756.08709 ; infill
G1 X134.186 Y109.155 E756.64135 ; infill
G1 X134.517 Y109.027 E756.67075 ; infill
G1 X134.517 Y115.973 E757.24614 ; infill
G1 X134.849 Y115.98 E757.27365 ; infill
G1 X134.849 Y109.027 E757.84962 ; infill
G1 X135.18 Y109.027 E757.87704 ; infill
G1 X135.18 Y115.98 E758.45301 ; infill
G1 X135.511 Y115.98 E758.48043 ; infill
G1 X135.511 Y109.026 E759.05648 ; infill
G1 X135.843 Y109.026 E759.08398 ; infill
G1 X135.843 Y115.98 E759.66003 ; infill
G1 X136.174 Y115.98 E759.68745 ; infill
G1 X136.174 Y109.026 E760.2635 ; infill
G1 X136.505 Y109.026 E760.29092 ; infill
G1 X136.505 Y115.98 E760.86697 ; infill
G1 X136.837 Y115.98 E760.89447 ; infill
G1 X136.837 Y109.025 E761.4706 ; infill
G1 X137.168 Y109.025 E761.49802 ; infill
G1 X137.168 Y115.98 E762.07415 ; infill
G1 X137.499 Y115.98 E762.10157 ; infill
G1 X137.499 Y109.025 E762.6777 ; infill
G1 X137.831 Y109.025 E762.7052 ; infill
G1 X137.831 Y115.98 E763.28133 ; infill
G1 X138.162 Y115.98 E763.30875 ; infill
G1 X138.162 Y109.024 E763.88497 ; infill
G1 X138.494 Y109.024 E763.91247 ; infill
G1 X138.494 Y115.98 E764.48869 ; infill
G1 X138.825 Y115.98 E764.51611 ; infill
G1 X138.825 Y109.024 E765.09233 ; infill
G1 X139.156 Y109.023 E765.11975 ; infill
G1 X139.156 Y115.98 E765.69605 ; infill
G1 X139.488 Y115.98 E765.72355 ; infill
G1 X139.488 Y109.023 E766.29985 ; infill
G1 X139.819 Y109.023 E766.32727 ; infill
G1 X139.819 Y115.98 E766.90357 ; infill
G1 X140.15 Y115.98 E766.93099 ; infill
G1 X140.15 Y109.023 E767.50729 ; infill
G1 X140.482 Y109.023 E767.53479 ; infill
G1 X140.482 Y115.98 E768.11109 ; infill
G1 X140.813 Y115.839 E768.14089 ; infill
G1 X140.813 Y109.146 E768.69532 ; infill
G1 X141.059 Y109.434 E768.7267 ; infill
;WIDTH:0.47865
G1 X141.062 Y115.458 E769.36675 ; infill
;LAYER_CHANGE
;Z:8.75
;HEIGHT:0.25
;announce new layer <34>
;---
M756 S0.25
M790 ;execute any new layer actions
;---
G1 Z8.75 F1500 ; simple layer change
G1 X141.282 Y115.613 ; travel to first layer point
;TYPE:Perimeter
;WIDTH:0.384999
G1 X141.277 Y115.654 E769.37017 ; perimeter
G1 X141.143 Y115.977 E769.39914 ; perimeter
G1 X140.873 Y116.198 E769.42804 ; perimeter
G1 X140.482 Y116.311 E769.46175 ; perimeter
G1 X134.608 Y116.311 E769.94834 ; perimeter
G1 X134.345 Y116.277 E769.97031 ; perimeter
G1 X134 Y116.131 E770.00134 ; perimeter
G1 X133.8 Y115.893 E770.02709 ; perimeter
G1 X133.689 Y115.525 E770.05893 ; perimeter
G1 X133.689 Y109.607 E770.54916 ; perimeter
G1 X133.723 Y109.348 E770.5708 ; perimeter
G1 X133.87 Y108.998 E770.60225 ; perimeter
G1 X134.083 Y108.81 E770.62578 ; perimeter
G1 X134.422 Y108.696 E770.65541 ; perimeter
G1 X140.41 Y108.687 E771.15144 ; perimeter
G1 X140.78 Y108.745 E771.18246 ; perimeter
G1 X141.052 Y108.909 E771.20877 ; perimeter
G1 X141.257 Y109.214 E771.23921 ; perimeter
G1 X141.313 Y109.576 E771.26955 ; perimeter
G1 X141.311 Y115.392 E771.75133 ; perimeter
G1 X141.292 Y115.538 E771.76353 ; perimeter
G1 X141.602 Y115.661 ; move to first perimeter point
G1 X141.569 Y115.883 E771.78212 ; perimeter
G1 X141.412 Y116.176 E771.80966 ; perimeter
G1 X141.177 Y116.412 E771.83725 ; perimeter
G1 X140.882 Y116.569 E771.86493 ; perimeter
G1 X140.515 Y116.642 E771.89593 ; perimeter
G1 X134.608 Y116.642 E772.38525 ; perimeter
G1 X134.117 Y116.569 E772.42637 ; perimeter
G1 X133.726 Y116.329 E772.46437 ; perimeter
G1 X133.503 Y116.047 E772.49415 ; perimeter
G1 X133.358 Y115.546 E772.53735 ; perimeter
G1 X133.358 Y109.607 E773.02932 ; perimeter
G1 X133.398 Y109.283 E773.05636 ; perimeter
G1 X133.511 Y108.968 E773.08408 ; perimeter
G1 X133.733 Y108.656 E773.1158 ; perimeter
G1 X134.018 Y108.477 E773.14368 ; perimeter
G1 X134.389 Y108.365 E773.17578 ; perimeter
G1 X140.409 Y108.356 E773.67446 ; perimeter
G1 X140.721 Y108.381 E773.70039 ; perimeter
G1 X141.078 Y108.515 E773.73198 ; perimeter
G1 X141.383 Y108.777 E773.76529 ; perimeter
G1 X141.571 Y109.105 E773.79661 ; perimeter
G1 X141.645 Y109.576 E773.8361 ; perimeter
G1 X141.642 Y115.392 E774.31788 ; perimeter
G1 X141.613 Y115.587 E774.33421 ; perimeter
G1 X141.927 Y115.71 ; move to first perimeter point
G1 X141.885 Y115.995 E774.35807 ; perimeter
G1 X141.681 Y116.376 E774.39387 ; perimeter
G1 X141.376 Y116.681 E774.4296 ; perimeter
G1 X140.995 Y116.885 E774.4654 ; perimeter
G1 X140.547 Y116.974 E774.50324 ; perimeter
G1 X134.608 Y116.974 E774.99521 ; perimeter
G1 X134.005 Y116.885 E775.0457 ; perimeter
G1 X133.814 Y116.783 E775.06364 ; perimeter
G1 X133.502 Y116.574 E775.09475 ; perimeter
G1 X133.206 Y116.2 E775.13426 ; perimeter
G1 X133.13 Y115.991 E775.15268 ; perimeter
G1 X133.026 Y115.566 E775.18892 ; perimeter
G1 X133.026 Y109.607 E775.68255 ; perimeter
G1 X133.115 Y109.005 E775.73296 ; perimeter
G1 X133.324 Y108.613 E775.76976 ; perimeter
G1 X133.609 Y108.336 E775.80268 ; perimeter
G1 X133.922 Y108.157 E775.83255 ; perimeter
G1 X134.356 Y108.033 E775.86994 ; perimeter
G1 X140.569 Y108.032 E776.38461 ; perimeter
G1 X141.07 Y108.14 E776.42706 ; perimeter
G1 X141.494 Y108.411 E776.46874 ; perimeter
G1 X141.803 Y108.81 E776.51054 ; perimeter
G1 X141.911 Y109.097 E776.53594 ; perimeter
G1 X141.976 Y109.577 E776.57606 ; perimeter
G1 X141.974 Y115.392 E777.05776 ; perimeter
G1 X141.938 Y115.636 E777.07819 ; perimeter
G1 X142.269 Y115.762 ; move to first perimeter point
;TYPE:External perimeter
G1 X142.2 Y116.108 E777.10742 ; perimeter
G1 X141.95 Y116.575 E777.1513 ; perimeter
G1 X141.576 Y116.95 E777.19517 ; perimeter
G1 X141.108 Y117.2 E777.23912 ; perimeter
G1 X140.58 Y117.305 E777.28371 ; perimeter
G1 X134.42 Y117.305 E777.79399 ; perimeter
G1 X133.892 Y117.2 E777.83858 ; perimeter
G1 X133.421 Y116.949 E777.88279 ; perimeter
G1 X133.153 Y116.704 E777.91287 ; perimeter
G1 X132.909 Y116.354 E777.94821 ; perimeter
G1 X132.784 Y116.006 E777.97884 ; perimeter
G1 X132.695 Y115.586 E778.0144 ; perimeter
G1 X132.695 Y109.42 E778.52517 ; perimeter
G1 X132.8 Y108.892 E778.56976 ; perimeter
G1 X132.961 Y108.591 E778.59804 ; perimeter
G1 X133.181 Y108.278 E778.62973 ; perimeter
G1 X133.582 Y107.944 E778.67296 ; perimeter
G1 X133.977 Y107.771 E778.70868 ; perimeter
G1 X134.323 Y107.702 E778.73791 ; perimeter
G1 X140.505 Y107.693 E779.25001 ; perimeter
G1 X141.019 Y107.779 E779.29318 ; perimeter
G1 X141.427 Y107.949 E779.32979 ; perimeter
G1 X141.811 Y108.265 E779.37099 ; perimeter
G1 X142.094 Y108.65 E779.41057 ; perimeter
G1 X142.245 Y109.066 E779.44723 ; perimeter
G1 X142.307 Y109.577 E779.48987 ; perimeter
G1 X142.305 Y115.58 E779.98714 ; perimeter
G1 X142.284 Y115.688 E779.99625 ; perimeter
G1 X142.15 Y116.17 ; move inwards before travel
G1 X134.542 Y116.063 ; move to first infill point
;TYPE:Solid infill
;WIDTH:0.47865
G1 X140.458 Y116.063 E780.62483 ; infill
;WIDTH:0.384999
G1 X140.837 Y115.814 E780.66239 ; infill
G1 X134.162 Y115.814 E781.21533 ; infill
G1 X134.02 Y115.483 E781.24517 ; infill
G1 X140.973 Y115.483 E781.82114 ; infill
G1 X140.979 Y115.151 E781.84865 ; infill
G1 X134.02 Y115.151 E782.42511 ; infill
G1 X134.02 Y114.82 E782.45253 ; infill
G1 X140.979 Y114.82 E783.02899 ; infill
G1 X140.979 Y114.489 E783.05641 ; infill
G1 X134.02 Y114.489 E783.63287 ; infill
G1 X134.02 Y114.157 E783.66037 ; infill
G1 X140.978 Y114.157 E784.23675 ; infill
G1 X140.978 Y113.826 E784.26417 ; infill
G1 X134.02 Y113.826 E784.84055 ; infill
G1 X134.02 Y113.495 E784.86797 ; infill
G1 X140.977 Y113.495 E785.44427 ; infill
G1 X140.977 Y113.163 E785.47177 ; infill
G1 X134.02 Y113.163 E786.04807 ; infill
G1 X134.02 Y112.832 E786.07549 ; infill
G1 X140.977 Y112.832 E786.65179 ; infill
G1 X140.976 Y112.501 E786.67921 ; infill
G1 X134.02 Y112.501 E787.25543 ; infill
G1 X134.02 Y112.169 E787.28293 ; infill
G1 X140.976 Y112.169 E787.85915 ; infill
G1 X140.976 Y111.838 E787.88657 ; infill
G1 X134.02 Y111.838 E788.46279 ; infill
G1 X134.02 Y111.506 E788.49029 ; infill
G1 X140.975 Y111.506 E789.06642 ; infill
G1 X140.975 Y111.175 E789.09384 ; infill
G1 X134.02 Y111.175 E789.66997 ; infill
G1 X134.02 Y110.844 E789.69739 ; infill
G1 X140.974 Y110.844 E790.27344 ; infill
G1 X140.974 Y110.512 E790.30094 ; infill
G1 X134.02 Y110.512 E790.87699 ; infill
G1 X134.02 Y110.181 E790.90441 ; infill
G1 X140.974 Y110.181 E791.48046 ; infill
G1 X140.973 Y109.85 E791.50788 ; infill
G1 X134.02 Y109.85 E792.08385 ; infill
G1 X134.027 Y109.518 E792.11136 ; infill
G1 X140.973 Y109.518 E792.68675 ; infill
G1 X140.85 Y109.187 E792.716 ; infill
G1 X134.152 Y109.187 E793.27084 ; infill
G1 X134.465 Y109.024 E793.30007 ; infill
;WIDTH:0.47865
G1 X140.469 Y109.022 E793.938 ; infill
;LAYER_CHANGE
;Z:9
;HEIGHT:0.25
;announce new layer <35>
;---
M756 S0.25
M790 ;execute any new layer actions
;---
G1 Z9 F1500 ; simple layer change
G1 X140.616 Y108.719 ; travel to first layer point
;TYPE:Perimeter
;WIDTH:0.384999
G1 X140.78 Y108.745 E793.95175 ; perimeter
G1 X141.054 Y108.91 E793.97825 ; perimeter
G1 X141.257 Y109.214 E794.00853 ; perimeter
G1 X141.313 Y109.576 E794.03887 ; perimeter
G1 X141.311 Y115.482 E794.52811 ; perimeter
G1 X141.199 Y115.873 E794.5618 ; perimeter
G1 X140.946 Y116.174 E794.59437 ; perimeter
G1 X140.527 Y116.311 E794.63089 ; perimeter
G1 X134.608 Y116.311 E795.1212 ; perimeter
G1 X134.348 Y116.277 E795.14292 ; perimeter
G1 X134.01 Y116.136 E795.17326 ; perimeter
G1 X133.789 Y115.883 E795.20109 ; perimeter
G1 X133.689 Y115.498 E795.23404 ; perimeter
G1 X133.689 Y109.607 E795.72203 ; perimeter
G1 X133.723 Y109.348 E795.74367 ; perimeter
G1 X133.87 Y108.998 E795.77512 ; perimeter
G1 X134.081 Y108.811 E795.79848 ; perimeter
G1 X134.422 Y108.696 E795.82829 ; perimeter
G1 X140.407 Y108.687 E796.32407 ; perimeter
G1 X140.542 Y108.708 E796.33539 ; perimeter
G1 X140.667 Y108.377 ; move to first perimeter point
G1 X140.722 Y108.381 E796.33996 ; perimeter
G1 X141.078 Y108.515 E796.37147 ; perimeter
G1 X141.376 Y108.768 E796.40385 ; perimeter
G1 X141.571 Y109.105 E796.4361 ; perimeter
G1 X141.645 Y109.576 E796.47559 ; perimeter
G1 X141.642 Y115.392 E796.95737 ; perimeter
G1 X141.569 Y115.883 E796.99849 ; perimeter
G1 X141.412 Y116.176 E797.02603 ; perimeter
G1 X141.066 Y116.49 E797.06473 ; perimeter
G1 X140.547 Y116.642 E797.10953 ; perimeter
G1 X134.608 Y116.642 E797.6015 ; perimeter
G1 X134.117 Y116.569 E797.64262 ; perimeter
G1 X133.814 Y116.407 E797.67108 ; perimeter
G1 X133.613 Y116.215 E797.69411 ; perimeter
G1 X133.457 Y115.946 E797.71987 ; perimeter
G1 X133.358 Y115.527 E797.75553 ; perimeter
G1 X133.358 Y109.607 E798.24593 ; perimeter
G1 X133.398 Y109.283 E798.27297 ; perimeter
G1 X133.511 Y108.968 E798.30069 ; perimeter
G1 X133.733 Y108.656 E798.33241 ; perimeter
G1 X134.015 Y108.478 E798.36003 ; perimeter
G1 X134.389 Y108.365 E798.39239 ; perimeter
G1 X140.407 Y108.356 E798.89091 ; perimeter
G1 X140.592 Y108.371 E798.90629 ; perimeter
G1 X140.713 Y108.064 ; move to first perimeter point
G1 X141.07 Y108.14 E798.93653 ; perimeter
G1 X141.495 Y108.412 E798.97833 ; perimeter
G1 X141.803 Y108.811 E799.02008 ; perimeter
G1 X141.911 Y109.096 E799.04533 ; perimeter
G1 X141.976 Y109.577 E799.08554 ; perimeter
G1 X141.974 Y115.392 E799.56724 ; perimeter
G1 X141.885 Y115.995 E799.61773 ; perimeter
G1 X141.681 Y116.376 E799.65353 ; perimeter
G1 X141.363 Y116.694 E799.69078 ; perimeter
G1 X140.989 Y116.869 E799.72498 ; perimeter
G1 X140.567 Y116.974 E799.761 ; perimeter
G1 X134.608 Y116.974 E800.25463 ; perimeter
G1 X134.005 Y116.885 E800.30512 ; perimeter
G1 X133.618 Y116.678 E800.34148 ; perimeter
G1 X133.358 Y116.43 E800.37124 ; perimeter
G1 X133.147 Y116.063 E800.40631 ; perimeter
G1 X133.026 Y115.555 E800.44957 ; perimeter
G1 X133.026 Y109.607 E800.94229 ; perimeter
G1 X133.115 Y109.005 E800.9927 ; perimeter
G1 X133.324 Y108.613 E801.0295 ; perimeter
G1 X133.609 Y108.336 E801.06242 ; perimeter
G1 X133.922 Y108.157 E801.09229 ; perimeter
G1 X134.356 Y108.033 E801.12968 ; perimeter
G1 X140.566 Y108.032 E801.6441 ; perimeter
G1 X140.64 Y108.048 E801.65037 ; perimeter
G1 X140.762 Y107.736 ; move to first perimeter point
;TYPE:External perimeter
G1 X141.02 Y107.779 E801.67204 ; perimeter
G1 X141.427 Y107.949 E801.70858 ; perimeter
G1 X141.805 Y108.257 E801.74897 ; perimeter
G1 X142.095 Y108.65 E801.78943 ; perimeter
G1 X142.244 Y109.065 E801.82596 ; perimeter
G1 X142.307 Y109.577 E801.86869 ; perimeter
G1 X142.305 Y115.58 E802.36596 ; perimeter
G1 X142.2 Y116.108 E802.41055 ; perimeter
G1 X141.95 Y116.575 E802.45443 ; perimeter
G1 X141.465 Y117.022 E802.50907 ; perimeter
G1 X140.988 Y117.221 E802.55188 ; perimeter
G1 X140.587 Y117.305 E802.58582 ; perimeter
G1 X134.42 Y117.305 E803.09668 ; perimeter
G1 X133.892 Y117.2 E803.14127 ; perimeter
G1 X133.422 Y116.949 E803.18541 ; perimeter
G1 X133.251 Y116.786 E803.20498 ; perimeter
G1 X133 Y116.491 E803.23707 ; perimeter
G1 X132.769 Y116.015 E803.2809 ; perimeter
G1 X132.695 Y115.583 E803.31721 ; perimeter
G1 X132.695 Y109.42 E803.82774 ; perimeter
G1 X132.8 Y108.892 E803.87233 ; perimeter
G1 X132.949 Y108.612 E803.8986 ; perimeter
G1 X133.181 Y108.278 E803.93229 ; perimeter
G1 X133.58 Y107.946 E803.97529 ; perimeter
G1 X133.977 Y107.771 E804.01123 ; perimeter
G1 X134.323 Y107.702 E804.04046 ; perimeter
G1 X140.503 Y107.693 E804.55239 ; perimeter
G1 X140.688 Y107.724 E804.56793 ; perimeter
G1 X141.171 Y107.852 ; move inwards before travel
G1 X133.937 Y109.542 ; move to first infill point
;TYPE:Solid infill
;WIDTH:0.47865
G1 X133.937 Y115.477 E805.19852 ; infill
G1 X133.954 Y115.67 E805.21911 ; infill
;WIDTH:0.384999
G1 X134.186 Y115.846 E805.24323 ; infill
G1 X134.186 Y109.157 E805.79733 ; infill
G1 X134.517 Y109.027 E805.82679 ; infill
G1 X134.517 Y115.973 E806.40218 ; infill
G1 X134.849 Y115.98 E806.42969 ; infill
G1 X134.849 Y109.027 E807.00566 ; infill
G1 X135.18 Y109.027 E807.03308 ; infill
G1 X135.18 Y115.98 E807.60905 ; infill
G1 X135.511 Y115.98 E807.63647 ; infill
G1 X135.511 Y109.026 E808.21252 ; infill
G1 X135.843 Y109.026 E808.24002 ; infill
G1 X135.843 Y115.98 E808.81607 ; infill
G1 X136.174 Y115.98 E808.84349 ; infill
G1 X136.174 Y109.026 E809.41954 ; infill
G1 X136.505 Y109.026 E809.44696 ; infill
G1 X136.505 Y115.98 E810.02301 ; infill
G1 X136.837 Y115.98 E810.05051 ; infill
G1 X136.837 Y109.025 E810.62664 ; infill
G1 X137.168 Y109.025 E810.65406 ; infill
G1 X137.168 Y115.98 E811.23019 ; infill
G1 X137.499 Y115.98 E811.25761 ; infill
G1 X137.499 Y109.025 E811.83374 ; infill
G1 X137.831 Y109.024 E811.86124 ; infill
G1 X137.831 Y115.98 E812.43746 ; infill
G1 X138.162 Y115.98 E812.46488 ; infill
G1 X138.162 Y109.024 E813.0411 ; infill
G1 X138.494 Y109.024 E813.0686 ; infill
G1 X138.494 Y115.98 E813.64482 ; infill
G1 X138.825 Y115.98 E813.67224 ; infill
G1 X138.825 Y109.024 E814.24846 ; infill
G1 X139.156 Y109.023 E814.27588 ; infill
G1 X139.156 Y115.98 E814.85218 ; infill
G1 X139.488 Y115.98 E814.87968 ; infill
G1 X139.488 Y109.023 E815.45598 ; infill
G1 X139.819 Y109.023 E815.4834 ; infill
G1 X139.819 Y115.98 E816.0597 ; infill
G1 X140.15 Y115.98 E816.08712 ; infill
G1 X140.15 Y109.022 E816.6635 ; infill
G1 X140.482 Y109.023 E816.691 ; infill
G1 X140.482 Y115.98 E817.2673 ; infill
G1 X140.813 Y115.839 E817.2971 ; infill
G1 X140.813 Y109.146 E817.85153 ; infill
G1 X141.059 Y109.434 E817.88291 ; infill
;WIDTH:0.47865
G1 X141.062 Y115.458 E818.52296 ; infill
;LAYER_CHANGE
;Z:9.25
;HEIGHT:0.25
;announce new layer <36>
;---
M756 S0.25
M790 ;execute any new layer actions
;---
G1 Z9.25 F1500 ; simple layer change
G1 X141.282 Y115.616 ; travel to first layer point
;TYPE:Perimeter
;WIDTH:0.384999
G1 X141.277 Y115.652 E818.52597 ; perimeter
G1 X141.13 Y116.002 E818.55742 ; perimeter
G1 X140.879 Y116.21 E818.58442 ; perimeter
G1 X140.511 Y116.311 E818.61603 ; perimeter
G1 X134.608 Y116.311 E819.10502 ; perimeter
G1 X134.348 Y116.277 E819.12674 ; perimeter
G1 X134.01 Y116.136 E819.15708 ; perimeter
G1 X133.789 Y115.882 E819.18497 ; perimeter
G1 X133.689 Y115.498 E819.21784 ; perimeter
G1 X133.689 Y109.607 E819.70583 ; perimeter
G1 X133.723 Y109.348 E819.72747 ; perimeter
G1 X133.87 Y108.998 E819.75892 ; perimeter
G1 X134.079 Y108.812 E819.7821 ; perimeter
G1 X134.422 Y108.696 E819.81209 ; perimeter
G1 X140.396 Y108.687 E820.30696 ; perimeter
G1 X140.628 Y108.705 E820.32624 ; perimeter
G1 X141.025 Y108.884 E820.36231 ; perimeter
G1 X141.242 Y109.177 E820.39251 ; perimeter
G1 X141.313 Y109.603 E820.42829 ; perimeter
G1 X141.311 Y115.392 E820.90783 ; perimeter
G1 X141.292 Y115.542 E820.92035 ; perimeter
G1 X141.609 Y115.664 ; move to first perimeter point
G1 X141.602 Y115.716 E820.9247 ; perimeter
G1 X141.489 Y116.032 E820.9525 ; perimeter
G1 X141.273 Y116.338 E820.98353 ; perimeter
G1 X140.912 Y116.552 E821.01829 ; perimeter
G1 X140.535 Y116.642 E821.0504 ; perimeter
G1 X134.608 Y116.642 E821.54138 ; perimeter
G1 X134.117 Y116.569 E821.5825 ; perimeter
G1 X133.814 Y116.407 E821.61096 ; perimeter
G1 X133.613 Y116.215 E821.63399 ; perimeter
G1 X133.456 Y115.946 E821.65979 ; perimeter
G1 X133.358 Y115.526 E821.69552 ; perimeter
G1 X133.358 Y109.607 E822.18583 ; perimeter
G1 X133.398 Y109.283 E822.21287 ; perimeter
G1 X133.511 Y108.968 E822.24059 ; perimeter
G1 X133.733 Y108.656 E822.27231 ; perimeter
G1 X134.013 Y108.479 E822.29975 ; perimeter
G1 X134.389 Y108.365 E822.3323 ; perimeter
G1 X140.53 Y108.362 E822.841 ; perimeter
G1 X140.898 Y108.449 E822.87232 ; perimeter
G1 X141.232 Y108.624 E822.90356 ; perimeter
G1 X141.441 Y108.863 E822.92986 ; perimeter
G1 X141.584 Y109.163 E822.95739 ; perimeter
G1 X141.645 Y109.603 E822.99419 ; perimeter
G1 X141.642 Y115.392 E823.47373 ; perimeter
G1 X141.618 Y115.59 E823.49025 ; perimeter
G1 X141.927 Y115.712 ; move to first perimeter point
G1 X141.885 Y115.995 E823.51395 ; perimeter
G1 X141.676 Y116.387 E823.55075 ; perimeter
G1 X141.337 Y116.698 E823.58886 ; perimeter
G1 X141.012 Y116.869 E823.61928 ; perimeter
G1 X140.559 Y116.974 E823.6578 ; perimeter
G1 X134.608 Y116.974 E824.15076 ; perimeter
G1 X134.005 Y116.885 E824.20125 ; perimeter
G1 X133.618 Y116.678 E824.23761 ; perimeter
G1 X133.358 Y116.43 E824.26737 ; perimeter
G1 X133.147 Y116.065 E824.30229 ; perimeter
G1 X133.026 Y115.554 E824.34579 ; perimeter
G1 X133.026 Y109.607 E824.83842 ; perimeter
G1 X133.115 Y109.005 E824.88883 ; perimeter
G1 X133.324 Y108.613 E824.92563 ; perimeter
G1 X133.609 Y108.335 E824.95861 ; perimeter
G1 X133.921 Y108.158 E824.98832 ; perimeter
G1 X134.356 Y108.033 E825.02581 ; perimeter
G1 X140.395 Y108.024 E825.52606 ; perimeter
G1 X140.775 Y108.053 E825.55763 ; perimeter
G1 X141.205 Y108.207 E825.59547 ; perimeter
G1 X141.44 Y108.364 E825.61888 ; perimeter
G1 X141.768 Y108.748 E825.66071 ; perimeter
G1 X141.945 Y109.213 E825.70193 ; perimeter
G1 X141.976 Y109.603 E825.73434 ; perimeter
G1 X141.974 Y115.392 E826.21388 ; perimeter
G1 X141.938 Y115.637 E826.23439 ; perimeter
G1 X142.269 Y115.762 ; move to first perimeter point
;TYPE:External perimeter
G1 X142.2 Y116.108 E826.26362 ; perimeter
G1 X141.949 Y116.579 E826.30783 ; perimeter
G1 X141.714 Y116.837 E826.33674 ; perimeter
G1 X141.352 Y117.093 E826.37347 ; perimeter
G1 X140.938 Y117.253 E826.41024 ; perimeter
G1 X140.584 Y117.305 E826.43988 ; perimeter
G1 X134.42 Y117.305 E826.95049 ; perimeter
G1 X133.892 Y117.2 E826.99508 ; perimeter
G1 X133.422 Y116.949 E827.03922 ; perimeter
G1 X133.251 Y116.786 E827.05879 ; perimeter
G1 X133 Y116.491 E827.09088 ; perimeter
G1 X132.769 Y116.017 E827.13456 ; perimeter
G1 X132.695 Y115.583 E827.17103 ; perimeter
G1 X132.695 Y109.42 E827.68156 ; perimeter
G1 X132.8 Y108.892 E827.72615 ; perimeter
G1 X132.95 Y108.611 E827.75254 ; perimeter
G1 X133.181 Y108.278 E827.78611 ; perimeter
G1 X133.578 Y107.947 E827.82893 ; perimeter
G1 X133.977 Y107.771 E827.86505 ; perimeter
G1 X134.323 Y107.702 E827.89428 ; perimeter
G1 X140.395 Y107.693 E828.39727 ; perimeter
G1 X140.849 Y107.728 E828.43499 ; perimeter
G1 X141.165 Y107.841 E828.46279 ; perimeter
G1 X141.522 Y108.021 E828.49591 ; perimeter
G1 X141.837 Y108.285 E828.52996 ; perimeter
G1 X142.11 Y108.69 E828.57042 ; perimeter
G1 X142.272 Y109.148 E828.61066 ; perimeter
G1 X142.307 Y109.604 E828.64854 ; perimeter
G1 X142.305 Y115.58 E829.14358 ; perimeter
G1 X142.283 Y115.689 E829.15279 ; perimeter
G1 X142.149 Y116.171 ; move inwards before travel
G1 X134.542 Y116.063 ; move to first infill point
;TYPE:Solid infill
;WIDTH:0.47865
G1 X140.616 Y116.053 E829.79815 ; infill
;WIDTH:0.384999
G1 X140.844 Y115.814 E829.82551 ; infill
G1 X134.152 Y115.814 E830.37986 ; infill
G1 X134.023 Y115.483 E830.40929 ; infill
G1 X140.973 Y115.483 E830.98501 ; infill
G1 X140.98 Y115.151 E831.01252 ; infill
G1 X134.02 Y115.151 E831.58907 ; infill
G1 X134.02 Y114.82 E831.61649 ; infill
G1 X140.98 Y114.82 E832.19304 ; infill
G1 X140.98 Y114.489 E832.22046 ; infill
G1 X134.02 Y114.489 E832.79701 ; infill
G1 X134.02 Y114.157 E832.82451 ; infill
G1 X140.98 Y114.157 E833.40106 ; infill
G1 X140.98 Y113.826 E833.42848 ; infill
G1 X134.02 Y113.826 E834.00503 ; infill
G1 X134.02 Y113.495 E834.03245 ; infill
G1 X140.981 Y113.495 E834.60908 ; infill
G1 X140.981 Y113.163 E834.63658 ; infill
G1 X134.02 Y113.163 E835.21321 ; infill
G1 X134.02 Y112.832 E835.24063 ; infill
G1 X140.981 Y112.832 E835.81726 ; infill
G1 X140.981 Y112.501 E835.84468 ; infill
G1 X134.02 Y112.501 E836.42131 ; infill
G1 X134.02 Y112.169 E836.44881 ; infill
G1 X140.981 Y112.169 E837.02544 ; infill
G1 X140.981 Y111.838 E837.05286 ; infill
G1 X134.02 Y111.838 E837.62949 ; infill
G1 X134.02 Y111.506 E837.65699 ; infill
G1 X140.981 Y111.506 E838.23362 ; infill
G1 X140.981 Y111.175 E838.26104 ; infill
G1 X134.02 Y111.175 E838.83767 ; infill
G1 X134.02 Y110.844 E838.86509 ; infill
G1 X140.982 Y110.844 E839.4418 ; infill
G1 X140.982 Y110.512 E839.4693 ; infill
G1 X134.02 Y110.512 E840.04601 ; infill
G1 X134.02 Y110.181 E840.07343 ; infill
G1 X140.982 Y110.181 E840.65014 ; infill
G1 X140.982 Y109.85 E840.67756 ; infill
G1 X134.02 Y109.85 E841.25427 ; infill
G1 X134.027 Y109.518 E841.28178 ; infill
G1 X140.977 Y109.518 E841.8575 ; infill
G1 X140.854 Y109.187 E841.88675 ; infill
G1 X134.152 Y109.187 E842.44193 ; infill
G1 X134.465 Y109.024 E842.47116 ; infill
;WIDTH:0.47865
G1 X140.458 Y109.022 E843.10792 ; infill
;LAYER_CHANGE
;Z:9.5
;HEIGHT:0.25
;announce new layer <37>
;---
M756 S0.25
M790 ;execute any new layer actions
;---
G1 Z9.5 F1500 ; simple layer change
G1 X140.614 Y108.727 ; travel to first layer point
;TYPE:Perimeter
;WIDTH:0.384999
G1 X140.836 Y108.78 E843.12683 ; perimeter
G1 X141.09 Y108.946 E843.15197 ; perimeter
G1 X141.267 Y109.241 E843.18047 ; perimeter
G1 X141.313 Y109.603 E843.2107 ; perimeter
G1 X141.311 Y115.392 E843.69024 ; perimeter
G1 X141.277 Y115.654 E843.71213 ; perimeter
G1 X141.143 Y115.977 E843.7411 ; perimeter
G1 X140.873 Y116.198 E843.77 ; perimeter
G1 X140.482 Y116.311 E843.80371 ; perimeter
G1 X134.518 Y116.311 E844.29775 ; perimeter
G1 X134.127 Y116.199 E844.33144 ; perimeter
G1 X133.826 Y115.946 E844.36401 ; perimeter
G1 X133.689 Y115.525 E844.40068 ; perimeter
G1 X133.689 Y109.607 E844.89091 ; perimeter
G1 X133.723 Y109.348 E844.91255 ; perimeter
G1 X133.87 Y108.998 E844.944 ; perimeter
G1 X134.078 Y108.813 E844.96706 ; perimeter
G1 X134.422 Y108.696 E844.99716 ; perimeter
G1 X140.449 Y108.687 E845.49642 ; perimeter
G1 X140.541 Y108.709 E845.50426 ; perimeter
G1 X140.667 Y108.376 ; move to first perimeter point
G1 X140.701 Y108.379 E845.50709 ; perimeter
G1 X141.059 Y108.508 E845.53861 ; perimeter
G1 X141.339 Y108.725 E845.56795 ; perimeter
G1 X141.579 Y109.125 E845.60659 ; perimeter
G1 X141.645 Y109.603 E845.64656 ; perimeter
G1 X141.642 Y115.392 E846.1261 ; perimeter
G1 X141.569 Y115.883 E846.16722 ; perimeter
G1 X141.412 Y116.176 E846.19476 ; perimeter
G1 X141.177 Y116.412 E846.22235 ; perimeter
G1 X140.882 Y116.569 E846.25003 ; perimeter
G1 X140.515 Y116.642 E846.28103 ; perimeter
G1 X134.608 Y116.642 E846.77035 ; perimeter
G1 X134.117 Y116.569 E846.81147 ; perimeter
G1 X133.824 Y116.412 E846.83901 ; perimeter
G1 X133.509 Y116.065 E846.87783 ; perimeter
G1 X133.358 Y115.546 E846.92261 ; perimeter
G1 X133.358 Y109.607 E847.41458 ; perimeter
G1 X133.398 Y109.283 E847.44162 ; perimeter
G1 X133.511 Y108.968 E847.46934 ; perimeter
G1 X133.733 Y108.655 E847.50113 ; perimeter
G1 X134.011 Y108.48 E847.52834 ; perimeter
G1 X134.389 Y108.365 E847.56107 ; perimeter
G1 X140.396 Y108.356 E848.05867 ; perimeter
G1 X140.592 Y108.371 E848.07495 ; perimeter
G1 X140.715 Y108.049 ; move to first perimeter point
G1 X140.775 Y108.053 E848.07993 ; perimeter
G1 X141.061 Y108.156 E848.10511 ; perimeter
G1 X141.44 Y108.364 E848.14092 ; perimeter
G1 X141.764 Y108.742 E848.18216 ; perimeter
G1 X141.917 Y109.108 E848.21502 ; perimeter
G1 X141.976 Y109.604 E848.2564 ; perimeter
G1 X141.974 Y115.392 E848.73586 ; perimeter
G1 X141.885 Y115.995 E848.78635 ; perimeter
G1 X141.681 Y116.376 E848.82215 ; perimeter
G1 X141.376 Y116.681 E848.85788 ; perimeter
G1 X140.995 Y116.885 E848.89368 ; perimeter
G1 X140.547 Y116.974 E848.93152 ; perimeter
G1 X134.608 Y116.974 E849.42349 ; perimeter
G1 X134.005 Y116.885 E849.47398 ; perimeter
G1 X133.624 Y116.681 E849.50978 ; perimeter
G1 X133.306 Y116.363 E849.54703 ; perimeter
G1 X133.13 Y115.99 E849.5812 ; perimeter
G1 X133.026 Y115.566 E849.61736 ; perimeter
G1 X133.026 Y109.607 E850.11099 ; perimeter
G1 X133.115 Y109.005 E850.1614 ; perimeter
G1 X133.324 Y108.613 E850.1982 ; perimeter
G1 X133.609 Y108.335 E850.23118 ; perimeter
G1 X133.921 Y108.158 E850.26089 ; perimeter
G1 X134.356 Y108.033 E850.29838 ; perimeter
G1 X140.395 Y108.024 E850.79863 ; perimeter
G1 X140.641 Y108.043 E850.81907 ; perimeter
G1 X140.764 Y107.721 ; move to first perimeter point
;TYPE:External perimeter
G1 X140.848 Y107.728 E850.82605 ; perimeter
G1 X141.173 Y107.845 E850.85466 ; perimeter
G1 X141.526 Y108.023 E850.88741 ; perimeter
G1 X141.837 Y108.285 E850.9211 ; perimeter
G1 X142.123 Y108.726 E850.96464 ; perimeter
G1 X142.272 Y109.145 E851.00148 ; perimeter
G1 X142.307 Y109.604 E851.03961 ; perimeter
G1 X142.305 Y115.58 E851.53465 ; perimeter
G1 X142.2 Y116.108 E851.57924 ; perimeter
G1 X141.95 Y116.575 E851.62312 ; perimeter
G1 X141.576 Y116.95 E851.66699 ; perimeter
G1 X141.108 Y117.2 E851.71094 ; perimeter
G1 X140.58 Y117.305 E851.75553 ; perimeter
G1 X134.42 Y117.305 E852.26581 ; perimeter
G1 X133.892 Y117.2 E852.3104 ; perimeter
G1 X133.425 Y116.95 E852.35428 ; perimeter
G1 X132.978 Y116.464 E852.40898 ; perimeter
G1 X132.784 Y116.006 E852.45018 ; perimeter
G1 X132.695 Y115.586 E852.48574 ; perimeter
G1 X132.695 Y109.42 E852.99651 ; perimeter
G1 X132.8 Y108.892 E853.0411 ; perimeter
G1 X132.951 Y108.609 E853.06767 ; perimeter
G1 X133.182 Y108.277 E853.10117 ; perimeter
G1 X133.576 Y107.948 E853.14369 ; perimeter
G1 X133.977 Y107.771 E853.18 ; perimeter
G1 X134.323 Y107.702 E853.20923 ; perimeter
G1 X140.395 Y107.693 E853.71222 ; perimeter
G1 X140.689 Y107.715 E853.73664 ; perimeter
G1 X141.169 Y107.857 ; move inwards before travel
G1 X133.937 Y109.542 ; move to first infill point
;TYPE:Solid infill
;WIDTH:0.47865
G1 X133.937 Y115.502 E854.36989 ; infill
;WIDTH:0.384999
G1 X134.186 Y115.837 E854.40447 ; infill
G1 X134.186 Y109.157 E854.95782 ; infill
G1 X134.517 Y109.027 E854.98728 ; infill
G1 X134.517 Y115.973 E855.56267 ; infill
G1 X134.849 Y115.98 E855.59018 ; infill
G1 X134.849 Y109.027 E856.16615 ; infill
G1 X135.18 Y109.027 E856.19357 ; infill
G1 X135.18 Y115.98 E856.76954 ; infill
G1 X135.511 Y115.98 E856.79696 ; infill
G1 X135.511 Y109.026 E857.37301 ; infill
G1 X135.843 Y109.026 E857.40051 ; infill
G1 X135.843 Y115.98 E857.97656 ; infill
G1 X136.174 Y115.98 E858.00398 ; infill
G1 X136.174 Y109.026 E858.58003 ; infill
G1 X136.505 Y109.025 E858.60745 ; infill
G1 X136.505 Y115.98 E859.18358 ; infill
G1 X136.837 Y115.98 E859.21108 ; infill
G1 X136.837 Y109.025 E859.78721 ; infill
G1 X137.168 Y109.025 E859.81463 ; infill
G1 X137.168 Y115.98 E860.39076 ; infill
G1 X137.499 Y115.98 E860.41818 ; infill
G1 X137.499 Y109.025 E860.99431 ; infill
G1 X137.831 Y109.024 E861.02181 ; infill
G1 X137.831 Y115.98 E861.59803 ; infill
G1 X138.162 Y115.98 E861.62545 ; infill
G1 X138.162 Y109.024 E862.20167 ; infill
G1 X138.494 Y109.024 E862.22917 ; infill
G1 X138.494 Y115.98 E862.80539 ; infill
G1 X138.825 Y115.98 E862.83281 ; infill
G1 X138.825 Y109.023 E863.40911 ; infill
G1 X139.156 Y109.023 E863.43653 ; infill
G1 X139.156 Y115.98 E864.01283 ; infill
G1 X139.488 Y115.98 E864.04033 ; infill
G1 X139.488 Y109.023 E864.61663 ; infill
G1 X139.819 Y109.022 E864.64405 ; infill
G1 X139.819 Y115.98 E865.22043 ; infill
G1 X140.15 Y115.98 E865.24785 ; infill
G1 X140.15 Y109.022 E865.82423 ; infill
G1 X140.482 Y109.023 E865.85173 ; infill
G1 X140.482 Y115.973 E866.42745 ; infill
G1 X140.813 Y115.839 E866.45703 ; infill
G1 X140.813 Y109.148 E867.01129 ; infill
G1 X141.046 Y109.324 E867.03548 ; infill
;WIDTH:0.47865
G1 X141.063 Y109.572 E867.06189 ; infill
G1 X141.062 Y115.457 E867.68717 ; infill
;LAYER_CHANGE
;Z:9.75
;HEIGHT:0.25
;announce new layer <38>
;---
M756 S0.25
M790 ;execute any new layer actions
;---
G1 Z9.75 F1500 ; simple layer change
G1 X141.273 Y115.613 ; travel to first layer point
;TYPE:Perimeter
;WIDTH:0.384999
G1 X141.199 Y115.873 E867.70956 ; perimeter
G1 X140.946 Y116.174 E867.74213 ; perimeter
G1 X140.525 Y116.311 E867.7788 ; perimeter
G1 X134.608 Y116.311 E868.26895 ; perimeter
G1 X134.347 Y116.277 E868.29075 ; perimeter
G1 X134.01 Y116.136 E868.32101 ; perimeter
G1 X133.788 Y115.881 E868.34902 ; perimeter
G1 X133.689 Y115.497 E868.38187 ; perimeter
G1 X133.689 Y109.607 E868.86978 ; perimeter
G1 X133.723 Y109.348 E868.89142 ; perimeter
G1 X133.87 Y108.998 E868.92287 ; perimeter
G1 X134.076 Y108.814 E868.94575 ; perimeter
G1 X134.422 Y108.696 E868.97603 ; perimeter
G1 X140.396 Y108.687 E869.4709 ; perimeter
G1 X140.629 Y108.705 E869.49026 ; perimeter
G1 X141.025 Y108.884 E869.52626 ; perimeter
G1 X141.243 Y109.179 E869.55665 ; perimeter
G1 X141.313 Y109.603 E869.59225 ; perimeter
G1 X141.311 Y115.482 E870.07925 ; perimeter
G1 X141.294 Y115.541 E870.08434 ; perimeter
G1 X141.602 Y115.663 ; move to first perimeter point
G1 X141.569 Y115.883 E870.10277 ; perimeter
G1 X141.412 Y116.176 E870.13031 ; perimeter
G1 X141.065 Y116.491 E870.16913 ; perimeter
G1 X140.546 Y116.642 E870.21391 ; perimeter
G1 X134.608 Y116.642 E870.7058 ; perimeter
G1 X134.117 Y116.569 E870.74692 ; perimeter
G1 X133.814 Y116.407 E870.77538 ; perimeter
G1 X133.613 Y116.216 E870.79835 ; perimeter
G1 X133.456 Y115.945 E870.82429 ; perimeter
G1 X133.358 Y115.525 E870.86002 ; perimeter
G1 X133.358 Y109.607 E871.35025 ; perimeter
G1 X133.398 Y109.283 E871.37729 ; perimeter
G1 X133.511 Y108.968 E871.40501 ; perimeter
G1 X133.734 Y108.655 E871.43685 ; perimeter
G1 X134.009 Y108.482 E871.46376 ; perimeter
G1 X134.389 Y108.365 E871.4967 ; perimeter
G1 X140.525 Y108.362 E872.00499 ; perimeter
G1 X140.899 Y108.45 E872.03682 ; perimeter
G1 X141.232 Y108.624 E872.06794 ; perimeter
G1 X141.439 Y108.861 E872.09401 ; perimeter
G1 X141.585 Y109.164 E872.12187 ; perimeter
G1 X141.645 Y109.603 E872.15857 ; perimeter
G1 X141.642 Y115.392 E872.63811 ; perimeter
G1 X141.613 Y115.589 E872.6546 ; perimeter
G1 X141.927 Y115.712 ; move to first perimeter point
G1 X141.885 Y115.995 E872.6783 ; perimeter
G1 X141.681 Y116.376 E872.7141 ; perimeter
G1 X141.363 Y116.694 E872.75135 ; perimeter
G1 X140.99 Y116.87 E872.78552 ; perimeter
G1 X140.566 Y116.974 E872.82168 ; perimeter
G1 X134.608 Y116.974 E873.31522 ; perimeter
G1 X134.005 Y116.885 E873.36571 ; perimeter
G1 X133.618 Y116.678 E873.40207 ; perimeter
G1 X133.358 Y116.43 E873.43183 ; perimeter
G1 X133.149 Y116.072 E873.46617 ; perimeter
G1 X133.026 Y115.554 E873.51027 ; perimeter
G1 X133.026 Y109.607 E874.0029 ; perimeter
G1 X133.115 Y109.005 E874.05331 ; perimeter
G1 X133.324 Y108.613 E874.09011 ; perimeter
G1 X133.609 Y108.335 E874.12309 ; perimeter
G1 X133.92 Y108.158 E874.15273 ; perimeter
G1 X134.356 Y108.033 E874.1903 ; perimeter
G1 X140.395 Y108.024 E874.69055 ; perimeter
G1 X140.775 Y108.053 E874.72212 ; perimeter
G1 X141.205 Y108.207 E874.75996 ; perimeter
G1 X141.44 Y108.364 E874.78337 ; perimeter
G1 X141.768 Y108.747 E874.82514 ; perimeter
G1 X141.945 Y109.212 E874.86636 ; perimeter
G1 X141.976 Y109.604 E874.89893 ; perimeter
G1 X141.974 Y115.392 E875.37839 ; perimeter
G1 X141.938 Y115.637 E875.3989 ; perimeter
G1 X142.269 Y115.762 ; move to first perimeter point
;TYPE:External perimeter
G1 X142.2 Y116.108 E875.42813 ; perimeter
G1 X141.95 Y116.575 E875.47201 ; perimeter
G1 X141.464 Y117.022 E875.52671 ; perimeter
G1 X141.006 Y117.216 E875.56791 ; perimeter
G1 X140.586 Y117.305 E875.60347 ; perimeter
G1 X134.42 Y117.305 E876.11424 ; perimeter
G1 X133.892 Y117.2 E876.15883 ; perimeter
G1 X133.423 Y116.949 E876.20289 ; perimeter
G1 X133.252 Y116.787 E876.2224 ; perimeter
G1 X132.999 Y116.489 E876.25478 ; perimeter
G1 X132.772 Y116.026 E876.2975 ; perimeter
G1 X132.695 Y115.583 E876.33475 ; perimeter
G1 X132.695 Y109.42 E876.84528 ; perimeter
G1 X132.8 Y108.892 E876.88987 ; perimeter
G1 X132.952 Y108.608 E876.91655 ; perimeter
G1 X133.182 Y108.277 E876.94994 ; perimeter
G1 X133.573 Y107.95 E876.99216 ; perimeter
G1 X133.977 Y107.771 E877.02876 ; perimeter
G1 X134.323 Y107.702 E877.05799 ; perimeter
G1 X140.394 Y107.693 E877.5609 ; perimeter
G1 X140.849 Y107.728 E877.5987 ; perimeter
G1 X141.165 Y107.841 E877.6265 ; perimeter
G1 X141.522 Y108.021 E877.65962 ; perimeter
G1 X141.837 Y108.285 E877.69367 ; perimeter
G1 X142.111 Y108.692 E877.73431 ; perimeter
G1 X142.272 Y109.147 E877.77429 ; perimeter
G1 X142.307 Y109.604 E877.81226 ; perimeter
G1 X142.305 Y115.58 E878.3073 ; perimeter
G1 X142.283 Y115.689 E878.31651 ; perimeter
G1 X142.149 Y116.171 ; move inwards before travel
G1 X134.542 Y116.063 ; move to first infill point
;TYPE:Solid infill
;WIDTH:0.47865
G1 X140.502 Y116.063 E878.94976 ; infill
;WIDTH:0.384999
G1 X140.837 Y115.814 E878.98434 ; infill
G1 X134.152 Y115.814 E879.53811 ; infill
G1 X134.023 Y115.483 E879.56754 ; infill
G1 X140.973 Y115.483 E880.14326 ; infill
G1 X140.98 Y115.151 E880.17077 ; infill
G1 X134.02 Y115.151 E880.74732 ; infill
G1 X134.02 Y114.82 E880.77474 ; infill
G1 X140.98 Y114.82 E881.35129 ; infill
G1 X140.98 Y114.489 E881.37871 ; infill
G1 X134.02 Y114.489 E881.95526 ; infill
G1 X134.02 Y114.157 E881.98276 ; infill
G1 X140.98 Y114.157 E882.55931 ; infill
G1 X140.98 Y113.826 E882.58673 ; infill
G1 X134.02 Y113.826 E883.16328 ; infill
G1 X134.02 Y113.495 E883.1907 ; infill
G1 X140.981 Y113.495 E883.76733 ; infill
G1 X140.981 Y113.163 E883.79483 ; infill
G1 X134.02 Y113.163 E884.37146 ; infill
G1 X134.02 Y112.832 E884.39888 ; infill
G1 X140.981 Y112.832 E884.97551 ; infill
G1 X140.981 Y112.501 E885.00293 ; infill
G1 X134.02 Y112.501 E885.57956 ; infill
G1 X134.02 Y112.169 E885.60706 ; infill
G1 X140.981 Y112.169 E886.18369 ; infill
G1 X140.981 Y111.838 E886.21111 ; infill
G1 X134.02 Y111.838 E886.78774 ; infill
G1 X134.02 Y111.506 E886.81524 ; infill
G1 X140.981 Y111.506 E887.39187 ; infill
G1 X140.981 Y111.175 E887.41929 ; infill
G1 X134.02 Y111.175 E887.99592 ; infill
G1 X134.02 Y110.844 E888.02334 ; infill
G1 X140.982 Y110.844 E888.60005 ; infill
G1 X140.982 Y110.512 E888.62755 ; infill
G1 X134.02 Y110.512 E889.20426 ; infill
G1 X134.02 Y110.181 E889.23168 ; infill
G1 X140.982 Y110.181 E889.80839 ; infill
G1 X140.982 Y109.85 E889.83581 ; infill
G1 X134.02 Y109.85 E890.41252 ; infill
G1 X134.027 Y109.518 E890.44003 ; infill
G1 X140.977 Y109.518 E891.01575 ; infill
G1 X140.853 Y109.187 E891.04503 ; infill
G1 X134.151 Y109.187 E891.60021 ; infill
G1 X134.466 Y109.024 E891.62959 ; infill
;WIDTH:0.47865
G1 X140.453 Y109.022 E892.26571 ; infill
;LAYER_CHANGE
;Z:10
;HEIGHT:0.25
;announce new layer <39>
;---
M756 S0.25
M790 ;execute any new layer actions
;---
G1 Z10 F1500 ; simple layer change
G1 X140.614 Y108.725 ; travel to first layer point
;TYPE:Perimeter
;WIDTH:0.384999
G1 X140.904 Y108.803 E892.29059 ; perimeter
G1 X141.09 Y108.946 E892.31003 ; perimeter
G1 X141.267 Y109.241 E892.33853 ; perimeter
G1 X141.313 Y109.603 E892.36876 ; perimeter
G1 X141.311 Y115.482 E892.85576 ; perimeter
G1 X141.199 Y115.873 E892.88945 ; perimeter
G1 X140.946 Y116.174 E892.92202 ; perimeter
G1 X140.525 Y116.311 E892.95869 ; perimeter
G1 X134.608 Y116.311 E893.44884 ; perimeter
G1 X134.345 Y116.277 E893.47081 ; perimeter
G1 X133.998 Y116.13 E893.50203 ; perimeter
G1 X133.799 Y115.892 E893.52773 ; perimeter
G1 X133.689 Y115.525 E893.55947 ; perimeter
G1 X133.689 Y109.607 E894.0497 ; perimeter
G1 X133.723 Y109.348 E894.07134 ; perimeter
G1 X133.87 Y108.998 E894.10279 ; perimeter
G1 X134.074 Y108.815 E894.12549 ; perimeter
G1 X134.422 Y108.696 E894.15596 ; perimeter
G1 X140.489 Y108.691 E894.65853 ; perimeter
G1 X140.542 Y108.705 E894.66307 ; perimeter
G1 X140.667 Y108.376 ; move to first perimeter point
G1 X140.702 Y108.379 E894.66598 ; perimeter
G1 X141.055 Y108.505 E894.69703 ; perimeter
G1 X141.34 Y108.726 E894.7269 ; perimeter
G1 X141.579 Y109.125 E894.76543 ; perimeter
G1 X141.645 Y109.603 E894.8054 ; perimeter
G1 X141.642 Y115.392 E895.28494 ; perimeter
G1 X141.569 Y115.883 E895.32606 ; perimeter
G1 X141.412 Y116.176 E895.3536 ; perimeter
G1 X141.065 Y116.491 E895.39242 ; perimeter
G1 X140.546 Y116.642 E895.4372 ; perimeter
G1 X134.608 Y116.642 E895.92909 ; perimeter
G1 X134.117 Y116.569 E895.97021 ; perimeter
G1 X133.73 Y116.334 E896.00772 ; perimeter
G1 X133.502 Y116.046 E896.03815 ; perimeter
G1 X133.358 Y115.546 E896.08125 ; perimeter
G1 X133.358 Y109.607 E896.57322 ; perimeter
G1 X133.398 Y109.283 E896.60026 ; perimeter
G1 X133.511 Y108.968 E896.62798 ; perimeter
G1 X133.734 Y108.655 E896.65982 ; perimeter
G1 X134.006 Y108.483 E896.68648 ; perimeter
G1 X134.389 Y108.365 E896.71968 ; perimeter
G1 X140.395 Y108.355 E897.2172 ; perimeter
G1 X140.592 Y108.371 E897.23357 ; perimeter
G1 X140.715 Y108.049 ; move to first perimeter point
G1 X140.775 Y108.054 E897.23856 ; perimeter
G1 X141.205 Y108.207 E897.27637 ; perimeter
G1 X141.44 Y108.364 E897.29978 ; perimeter
G1 X141.764 Y108.742 E897.34102 ; perimeter
G1 X141.917 Y109.108 E897.37388 ; perimeter
G1 X141.976 Y109.604 E897.41526 ; perimeter
G1 X141.974 Y115.392 E897.89472 ; perimeter
G1 X141.885 Y115.995 E897.94521 ; perimeter
G1 X141.681 Y116.376 E897.98101 ; perimeter
G1 X141.363 Y116.694 E898.01826 ; perimeter
G1 X140.99 Y116.87 E898.05243 ; perimeter
G1 X140.566 Y116.974 E898.08859 ; perimeter
G1 X134.608 Y116.974 E898.58213 ; perimeter
G1 X134.005 Y116.885 E898.63262 ; perimeter
G1 X133.814 Y116.783 E898.65056 ; perimeter
G1 X133.507 Y116.579 E898.68109 ; perimeter
G1 X133.205 Y116.2 E898.72123 ; perimeter
G1 X133.13 Y115.991 E898.73962 ; perimeter
G1 X133.026 Y115.566 E898.77586 ; perimeter
G1 X133.026 Y109.607 E899.26949 ; perimeter
G1 X133.115 Y109.005 E899.3199 ; perimeter
G1 X133.324 Y108.613 E899.3567 ; perimeter
G1 X133.609 Y108.335 E899.38968 ; perimeter
G1 X133.919 Y108.159 E899.41921 ; perimeter
G1 X134.356 Y108.033 E899.45688 ; perimeter
G1 X140.395 Y108.024 E899.95713 ; perimeter
G1 X140.641 Y108.043 E899.97757 ; perimeter
G1 X140.764 Y107.721 ; move to first perimeter point
;TYPE:External perimeter
G1 X140.849 Y107.728 E899.98464 ; perimeter
G1 X141.165 Y107.841 E900.01244 ; perimeter
G1 X141.522 Y108.021 E900.04556 ; perimeter
G1 X141.838 Y108.286 E900.07972 ; perimeter
G1 X142.123 Y108.726 E900.12315 ; perimeter
G1 X142.272 Y109.145 E900.15999 ; perimeter
G1 X142.307 Y109.604 E900.19812 ; perimeter
G1 X142.305 Y115.58 E900.69316 ; perimeter
G1 X142.2 Y116.108 E900.73775 ; perimeter
G1 X141.95 Y116.575 E900.78163 ; perimeter
G1 X141.464 Y117.022 E900.83633 ; perimeter
G1 X141.006 Y117.216 E900.87753 ; perimeter
G1 X140.586 Y117.305 E900.91309 ; perimeter
G1 X134.42 Y117.305 E901.42386 ; perimeter
G1 X133.892 Y117.2 E901.46845 ; perimeter
G1 X133.421 Y116.949 E901.51266 ; perimeter
G1 X133.162 Y116.713 E901.54169 ; perimeter
G1 X132.909 Y116.354 E901.57807 ; perimeter
G1 X132.784 Y116.006 E901.6087 ; perimeter
G1 X132.695 Y115.586 E901.64426 ; perimeter
G1 X132.695 Y109.42 E902.15503 ; perimeter
G1 X132.8 Y108.892 E902.19962 ; perimeter
G1 X132.952 Y108.607 E902.22638 ; perimeter
G1 X133.182 Y108.277 E902.2597 ; perimeter
G1 X133.571 Y107.951 E902.30174 ; perimeter
G1 X133.976 Y107.771 E902.33845 ; perimeter
G1 X134.323 Y107.702 E902.36776 ; perimeter
G1 X140.394 Y107.693 E902.87067 ; perimeter
G1 X140.689 Y107.715 E902.89517 ; perimeter
G1 X141.169 Y107.857 ; move inwards before travel
G92 E0 ; reset extrusion distance
G1 X140.982 Y115.88 ; move to first infill point
;TYPE:Top solid infill
;WIDTH:0.385155
G1 X140.982 Y109.577 E.52237 ; infill
G1 X140.95 Y109.347 E.54162 ; infill
G1 X140.907 Y109.256 E.54996 ; infill
G1 X140.847 Y109.174 E.55838 ; infill
G1 X140.749 Y109.1 E.56856 ; infill
G1 X140.65 Y109.065 E.57726 ; infill
G1 X140.65 Y115.929 E1.14612 ; infill
G1 X140.49 Y115.98 E1.16004 ; infill
G1 X140.319 Y115.98 E1.17421 ; infill
G1 X140.319 Y109.022 E1.75086 ; infill
G1 X139.987 Y109.022 E1.77837 ; infill
G1 X139.987 Y115.98 E2.35502 ; infill
G1 X139.656 Y115.98 E2.38245 ; infill
G1 X139.656 Y109.022 E2.9591 ; infill
G1 X139.324 Y109.023 E2.98662 ; infill
G1 X139.324 Y115.98 E3.56319 ; infill
G1 X138.993 Y115.98 E3.59062 ; infill
G1 X138.993 Y109.023 E4.16719 ; infill
G1 X138.661 Y109.023 E4.1947 ; infill
G1 X138.661 Y115.98 E4.77127 ; infill
G1 X138.33 Y115.98 E4.7987 ; infill
G1 X138.33 Y109.024 E5.37519 ; infill
G1 X137.998 Y109.024 E5.4027 ; infill
G1 X137.998 Y115.98 E5.97919 ; infill
G1 X137.667 Y115.98 E6.00662 ; infill
G1 X137.667 Y109.024 E6.58311 ; infill
G1 X137.335 Y109.025 E6.61063 ; infill
G1 X137.335 Y115.98 E7.18703 ; infill
G1 X137.004 Y115.98 E7.21446 ; infill
G1 X137.004 Y109.025 E7.79086 ; infill
G1 X136.672 Y109.025 E7.81837 ; infill
G1 X136.672 Y115.98 E8.39477 ; infill
G1 X136.341 Y115.98 E8.4222 ; infill
G1 X136.341 Y109.026 E8.99852 ; infill
G1 X136.009 Y109.026 E9.02603 ; infill
G1 X136.009 Y115.98 E9.60235 ; infill
G1 X135.678 Y115.98 E9.62978 ; infill
G1 X135.678 Y109.026 E10.2061 ; infill
G1 X135.346 Y109.026 E10.23361 ; infill
G1 X135.346 Y115.98 E10.80993 ; infill
G1 X135.015 Y115.98 E10.83736 ; infill
G1 X135.015 Y109.027 E11.4136 ; infill
G1 X134.683 Y109.027 E11.44111 ; infill
G1 X134.683 Y115.98 E12.01735 ; infill
G1 X134.55 Y115.98 E12.02837 ; infill
G1 X134.352 Y115.94 E12.04511 ; infill
G1 X134.352 Y109.054 E12.6158 ; infill
G1 X134.249 Y109.1 E12.62515 ; infill
G1 X134.139 Y109.198 E12.63736 ; infill
G1 X134.062 Y109.343 E12.65097 ; infill
G1 X134.02 Y109.55 E12.66847 ; infill
G1 X134.02 Y115.877 E13.19283 ; infill
G92 E0 ; reset extrusion distance
M107 ; disable fan
;TYPE:Custom
; Filament-specific end gcode 
;END gcode for filament
; Filament-specific end gcode 
;END gcode for filament
; Filament-specific end gcode 
;END gcode for filament
; Filament-specific end gcode 
;END gcode for filament
; Filament-specific end gcode 
;END gcode for filament
; ///////////////   BEGIN HYREL STANDARD FOOTER - 2021.01.08   \\\\\\\\n
; temp control:


M107 T100       ; fans, diodes  : off
M620 T100 E0    ; CO2 lasers    ; off
M104 T100 S0    ; head temps    : off
M140 T90 S0     ; bed temps     : off
M5              ; spindles      : off

; housekeeping

G91             ; coordinates   : relative
G0 Z10          ; drop bed 
G90             ; coordinates   : absolute
G0 Y0           ; home, goto    : Y axis
G0 X0           ; home, goto    : X axis
M84             ; motors        : disable
G53             ; clear offsets
M30             ; program       : end
			
; \\\\\\\   END HYREL STANDARD FOOTER - 2020.12.28   ///////////////
; objects_info = {"objects":[]}
; filament used [mm] = 0.00, 397.73, 0.00, 0.00, 0.00
; filament used [cm3] = 0.00, 0.96, 0.00, 0.00, 0.00
; total filament used [g] = 0.00
; total filament cost = 0.00
; total filament used for wipe tower [g] = 0.00
; estimated printing time (normal mode) = 8m 23s
; estimated first layer printing time (normal mode) = 23s

; prusaslicer_config = begin
; arc_fitting = disabled
; autoemit_temperature_commands = 1
; automatic_extrusion_widths = 0
; automatic_infill_combination = 0
; automatic_infill_combination_max_layer_height = 100%
; avoid_crossing_curled_overhangs = 0
; avoid_crossing_perimeters = 1
; avoid_crossing_perimeters_max_detour = 0
; bed_custom_model = 
; bed_custom_texture = 
; bed_shape = 0x0,275x0,275x225,0x225
; bed_temperature = 80,80,80,80,80
; bed_temperature_extruder = 0
; before_layer_gcode = ;announce new layer <[layer_num]>\n;---\nM756 S[layer_height]\nM790 ;execute any new layer actions\n;---
; between_objects_gcode = 
; binary_gcode = 0
; bottom_fill_pattern = monotonic
; bottom_solid_layers = 4
; bottom_solid_min_thickness = 0
; bridge_acceleration = 0
; bridge_angle = 0
; bridge_fan_speed = 100,100,100,100,100
; bridge_flow_ratio = 1
; bridge_speed = 25
; brim_separation = 0
; brim_type = outer_only
; brim_width = 0
; chamber_minimal_temperature = 0,0,0,0,0
; chamber_temperature = 0,0,0,0,0
; color_change_gcode = M600
; colorprint_heights = 
; complete_objects = 0
; cooling = 0,0,0,0,0
; cooling_tube_length = 5
; cooling_tube_retraction = 91.5
; default_acceleration = 0
; default_filament_profile = 
; default_print_profile = 
; deretract_speed = 0,0,0,0,0
; disable_fan_first_layers = 5,5,5,5,5
; dont_support_bridges = 0
; draft_shield = disabled
; duplicate_distance = 6
; elefant_foot_compensation = 0
; enable_dynamic_fan_speeds = 0,0,0,0,0
; enable_dynamic_overhang_speeds = 0
; end_filament_gcode = "; Filament-specific end gcode \n;END gcode for filament\n";"; Filament-specific end gcode \n;END gcode for filament\n";"; Filament-specific end gcode \n;END gcode for filament\n";"; Filament-specific end gcode \n;END gcode for filament\n";"; Filament-specific end gcode \n;END gcode for filament\n"
; end_gcode = \n; ///////////////   BEGIN HYREL STANDARD FOOTER - 2021.01.08   \\\\\\\\\\\\\\\\n\n; temp control:\n\n\nM107 T100       ; fans, diodes  : off\nM620 T100 E0    ; CO2 lasers    ; off\nM104 T100 S0    ; head temps    : off\nM140 T90 S0     ; bed temps     : off\nM5              ; spindles      : off\n\n; housekeeping\n\nG91             ; coordinates   : relative\nG0 Z10          ; drop bed \nG90             ; coordinates   : absolute\nG0 Y0           ; home, goto    : Y axis\nG0 X0           ; home, goto    : X axis\nM84             ; motors        : disable\nG53             ; clear offsets\nM30             ; program       : end\n			\n; \\\\\\\\\\\\\\   END HYREL STANDARD FOOTER - 2020.12.28   ///////////////\n
; ensure_vertical_shell_thickness = enabled
; external_perimeter_acceleration = 0
; external_perimeter_extrusion_width = 0.385
; external_perimeter_speed = 25
; external_perimeters_first = 0
; extra_loading_move = -2
; extra_perimeters = 1
; extra_perimeters_on_overhangs = 0
; extruder_clearance_height = 20
; extruder_clearance_radius = 20
; extruder_colour = ;;;;
; extruder_offset = 0x0,0x0,0x0,0x0,0x0
; extrusion_axis = E
; extrusion_multiplier = 1,1,1,1,1
; extrusion_width = 0.385
; fan_always_on = 1,1,1,1,1
; fan_below_layer_time = 60,60,60,60,60
; filament_abrasive = 0,0,0,0,0
; filament_colour = #FFFFFF;#FFFFFF;#FFFFFF;#FFFFFF;#FFFFFF
; filament_cooling_final_speed = 3.4,3.4,3.4,3.4,3.4
; filament_cooling_initial_speed = 2.2,2.2,2.2,2.2,2.2
; filament_cooling_moves = 4,4,4,4,4
; filament_cost = 0,0,0,0,0
; filament_density = 0,0,0,0,0
; filament_deretract_speed = nil,nil,nil,nil,nil
; filament_diameter = 1.75,1.75,1.75,1.75,1.75
; filament_infill_max_crossing_speed = 0,0,0,0,0
; filament_infill_max_speed = 0,0,0,0,0
; filament_load_time = 0,0,0,0,0
; filament_loading_speed = 28,28,28,28,28
; filament_loading_speed_start = 3,3,3,3,3
; filament_max_volumetric_speed = 0,0,0,0,0
; filament_minimal_purge_on_wipe_tower = 15,15,15,15,15
; filament_multitool_ramming = 0,0,0,0,0
; filament_multitool_ramming_flow = 10,10,10,10,10
; filament_multitool_ramming_volume = 10,10,10,10,10
; filament_notes = ;;;;
; filament_purge_multiplier = 100%,100%,100%,100%,100%
; filament_ramming_parameters = "120 100 6.6 6.8 7.2 7.6 7.9 8.2 8.7 9.4 9.9 10.0| 0.05 6.6 0.45 6.8 0.95 7.8 1.45 8.3 1.95 9.7 2.45 10 2.95 7.6 3.45 7.6 3.95 7.6 4.45 7.6 4.95 7.6";"120 100 6.6 6.8 7.2 7.6 7.9 8.2 8.7 9.4 9.9 10.0| 0.05 6.6 0.45 6.8 0.95 7.8 1.45 8.3 1.95 9.7 2.45 10 2.95 7.6 3.45 7.6 3.95 7.6 4.45 7.6 4.95 7.6";"120 100 6.6 6.8 7.2 7.6 7.9 8.2 8.7 9.4 9.9 10.0| 0.05 6.6 0.45 6.8 0.95 7.8 1.45 8.3 1.95 9.7 2.45 10 2.95 7.6 3.45 7.6 3.95 7.6 4.45 7.6 4.95 7.6";"120 100 6.6 6.8 7.2 7.6 7.9 8.2 8.7 9.4 9.9 10.0| 0.05 6.6 0.45 6.8 0.95 7.8 1.45 8.3 1.95 9.7 2.45 10 2.95 7.6 3.45 7.6 3.95 7.6 4.45 7.6 4.95 7.6";"120 100 6.6 6.8 7.2 7.6 7.9 8.2 8.7 9.4 9.9 10.0| 0.05 6.6 0.45 6.8 0.95 7.8 1.45 8.3 1.95 9.7 2.45 10 2.95 7.6 3.45 7.6 3.95 7.6 4.45 7.6 4.95 7.6"
; filament_retract_before_travel = nil,nil,nil,nil,nil
; filament_retract_before_wipe = nil,nil,nil,nil,nil
; filament_retract_layer_change = nil,nil,nil,nil,nil
; filament_retract_length = nil,nil,nil,nil,nil
; filament_retract_length_toolchange = nil,nil,nil,nil,nil
; filament_retract_lift = nil,nil,nil,nil,nil
; filament_retract_lift_above = nil,nil,nil,nil,nil
; filament_retract_lift_below = nil,nil,nil,nil,nil
; filament_retract_restart_extra = nil,nil,nil,nil,nil
; filament_retract_restart_extra_toolchange = nil,nil,nil,nil,nil
; filament_retract_speed = nil,nil,nil,nil,nil
; filament_seam_gap_distance = nil,nil,nil,nil,nil
; filament_settings_id = "240°C, 25%Fan, 80°CBed (ABS-30M)";"240°C, 25%Fan, 80°CBed (ABS-30M)";"240°C, 25%Fan, 80°CBed (ABS-30M)";"240°C, 25%Fan, 80°CBed (ABS-30M)";"240°C, 25%Fan, 80°CBed (ABS-30M)"
; filament_shrinkage_compensation_xy = 0%,0%,0%,0%,0%
; filament_shrinkage_compensation_z = 0%,0%,0%,0%,0%
; filament_soluble = 0,0,0,0,0
; filament_spool_weight = 0,0,0,0,0
; filament_stamping_distance = 0,0,0,0,0
; filament_stamping_loading_speed = 20,20,20,20,20
; filament_toolchange_delay = 0,0,0,0,0
; filament_travel_lift_before_obstacle = nil,nil,nil,nil,nil
; filament_travel_max_lift = nil,nil,nil,nil,nil
; filament_travel_ramping_lift = nil,nil,nil,nil,nil
; filament_travel_slope = nil,nil,nil,nil,nil
; filament_type = PLA;PLA;PLA;PLA;PLA
; filament_unload_time = 0,0,0,0,0
; filament_unloading_speed = 90,90,90,90,90
; filament_unloading_speed_start = 100,100,100,100,100
; filament_vendor = (Unknown)
; filament_wipe = nil,nil,nil,nil,nil
; fill_angle = 0
; fill_density = 100%
; fill_pattern = rectilinear
; first_layer_acceleration = 0
; first_layer_acceleration_over_raft = 0
; first_layer_bed_temperature = 80,80,80,80,80
; first_layer_extrusion_width = 0.385
; first_layer_height = 0.25
; first_layer_infill_speed = 0
; first_layer_speed = 25
; first_layer_speed_over_raft = 30
; first_layer_temperature = 240,240,240,240,240
; full_fan_speed_layer = 0,0,0,0,0
; fuzzy_skin = none
; fuzzy_skin_point_dist = 0.8
; fuzzy_skin_thickness = 0.3
; gap_fill_enabled = 1
; gap_fill_speed = 25
; gcode_comments = 1
; gcode_flavor = reprap
; gcode_label_objects = disabled
; gcode_resolution = 0.0125
; gcode_substitutions = 
; high_current_on_filament_swap = 0
; host_type = prusalink
; idle_temperature = nil,nil,nil,nil,nil
; infill_acceleration = 0
; infill_anchor = 600%
; infill_anchor_max = 50
; infill_every_layers = 1
; infill_extruder = 1
; infill_extrusion_width = 0.385
; infill_first = 0
; infill_overlap = 0
; infill_speed = 25
; interface_shells = 0
; interlocking_beam = 0
; interlocking_beam_layer_count = 2
; interlocking_beam_width = 0.8
; interlocking_boundary_avoidance = 2
; interlocking_depth = 2
; interlocking_orientation = 22.5
; ironing = 0
; ironing_flowrate = 15%
; ironing_spacing = 0.1
; ironing_speed = 15
; ironing_type = top
; layer_gcode = 
; layer_height = 0.25
; machine_limits_usage = time_estimate_only
; machine_max_acceleration_e = 10000,5000
; machine_max_acceleration_extruding = 1500,1250
; machine_max_acceleration_retracting = 1500,1250
; machine_max_acceleration_travel = 1500,1250
; machine_max_acceleration_x = 9000,1000
; machine_max_acceleration_y = 9000,1000
; machine_max_acceleration_z = 500,200
; machine_max_feedrate_e = 120,120
; machine_max_feedrate_x = 500,200
; machine_max_feedrate_y = 500,200
; machine_max_feedrate_z = 12,12
; machine_max_jerk_e = 2.5,2.5
; machine_max_jerk_x = 10,10
; machine_max_jerk_y = 10,10
; machine_max_jerk_z = 0.2,0.4
; machine_min_extruding_rate = 0,0
; machine_min_travel_rate = 0,0
; max_fan_speed = 10,10,10,10,10
; max_layer_height = 0,0,0,0,0
; max_print_height = 200
; max_print_speed = 25
; max_volumetric_extrusion_rate_slope_negative = 0
; max_volumetric_extrusion_rate_slope_positive = 0
; max_volumetric_speed = 0
; min_bead_width = 85%
; min_fan_speed = 10,10,10,10,10
; min_feature_size = 25%
; min_layer_height = 0.07,0.07,0.07,0.07,0.07
; min_print_speed = 10,10,10,10,10
; min_skirt_length = 0
; mmu_segmented_region_interlocking_depth = 0
; mmu_segmented_region_max_width = 0
; multimaterial_purging = 140
; notes = 
; nozzle_diameter = 0.5,0.5,0.5,0.5,0.5
; nozzle_high_flow = 0,0,0,0,0
; only_one_perimeter_first_layer = 0
; only_retract_when_crossing_perimeters = 1
; ooze_prevention = 0
; output_filename_format = [input_filename_base].gcode
; over_bridge_speed = 0
; overhang_fan_speed_0 = 0,0,0,0,0
; overhang_fan_speed_1 = 0,0,0,0,0
; overhang_fan_speed_2 = 0,0,0,0,0
; overhang_fan_speed_3 = 0,0,0,0,0
; overhang_speed_0 = 15
; overhang_speed_1 = 15
; overhang_speed_2 = 20
; overhang_speed_3 = 25
; overhangs = 1
; parking_pos_retraction = 92
; pause_print_gcode = M601
; perimeter_acceleration = 0
; perimeter_extruder = 1
; perimeter_extrusion_width = 0.385
; perimeter_generator = arachne
; perimeter_speed = 25
; perimeters = 4
; physical_printer_settings_id = 
; post_process = 
; prefer_clockwise_movements = 0
; print_settings_id = 0.35w, 0.25z, 25f, 100%
; printer_model = 
; printer_notes = 
; printer_settings_id = 30M-ESR_T1_Heated
; printer_technology = FFF
; printer_variant = 
; printer_vendor = 
; raft_contact_distance = 0.1
; raft_expansion = 1.5
; raft_first_layer_density = 90%
; raft_first_layer_expansion = 3
; raft_layers = 0
; remaining_times = 0
; resolution = 0
; retract_before_travel = 2,2,2,2,2
; retract_before_wipe = 0%,0%,0%,0%,0%
; retract_layer_change = 0,0,0,0,0
; retract_length = 0,0,0,0,0
; retract_length_toolchange = 0,0,0,0,0
; retract_lift = 0,0,0,0,0
; retract_lift_above = 0,0,0,0,0
; retract_lift_below = 0,0,0,0,0
; retract_restart_extra = 0,0,0,0,0
; retract_restart_extra_toolchange = 0,0,0,0,0
; retract_speed = 40,40,40,40,40
; scarf_seam_entire_loop = 0
; scarf_seam_length = 20
; scarf_seam_max_segment_length = 1
; scarf_seam_on_inner_perimeters = 0
; scarf_seam_only_on_smooth = 1
; scarf_seam_placement = nowhere
; scarf_seam_start_height = 0%
; seam_gap_distance = 15%
; seam_position = nearest
; silent_mode = 1
; single_extruder_multi_material = 0
; single_extruder_multi_material_priming = 1
; skirt_distance = 5
; skirt_height = 1
; skirts = 2
; slice_closing_radius = 0.049
; slicing_mode = regular
; slowdown_below_layer_time = 5,5,5,5,5
; small_perimeter_speed = 25
; solid_infill_acceleration = 0
; solid_infill_below_area = 9
; solid_infill_every_layers = 0
; solid_infill_extruder = 1
; solid_infill_extrusion_width = 0.385
; solid_infill_speed = 25
; spiral_vase = 0
; staggered_inner_seams = 0
; standby_temperature_delta = -5
; start_filament_gcode = "; Filament gcode\n";"; Filament gcode\n";"; Filament gcode\n";"; Filament gcode\n";"; Filament gcode\n"
; start_gcode = \n; ///////////////   BEGIN HYREL HEADER for a 30M/ESR with a Heated Head in T1/T12 - 2021.02.24   \\\\\\\\\\\\\\\\n\n; GENERAL :\n\nN14                ; set line numbers for error logging - Slic3r version\nM772 S1            ; reset metrics and arm automatic reporting \nM627 X0 Y0 Z0 J-500 K5                 ; setup abort action \n\n\nM107               ; fans/UV           ; off\nM106 C255          ; fans/UV           ; set to 0-255 range\n\nG53                ; clear offsets\nG21                ; units             : mm\nG91                ; coordinatess      : relative\nG0 Z10 	           ; drop bed \nG90                ; coordinates       : absolute\n\nG28 X0 Y0          ; home, goto        : X and Y\n\nM229 E1 D1         ; enable E-values (volumetric)\n\n; TEMP CONTROL :\n\nM190 S[bed_temperature]          ; bed temp     : set and wait\nM109 T12 S[temperature]        ; head temp    : set and wait\n\nT1                 ; use SECOND tool position from the left    \n\n; \\\\\\\\\\\\\\   END HYREL HEADER for a 30M/ESR with a Heated Head in T1/T12 - 2021.02.24   ///////////////\n\n
; support_material = 0
; support_material_angle = 0
; support_material_auto = 1
; support_material_bottom_contact_distance = 0
; support_material_bottom_interface_layers = -1
; support_material_buildplate_only = 0
; support_material_closing_radius = 2
; support_material_contact_distance = 0.2
; support_material_enforce_layers = 0
; support_material_extruder = 1
; support_material_extrusion_width = 0
; support_material_interface_contact_loops = 0
; support_material_interface_extruder = 1
; support_material_interface_layers = 3
; support_material_interface_pattern = rectilinear
; support_material_interface_spacing = 0
; support_material_interface_speed = 100%
; support_material_pattern = rectilinear
; support_material_spacing = 2.5
; support_material_speed = 25
; support_material_style = grid
; support_material_synchronize_layers = 0
; support_material_threshold = 35
; support_material_with_sheath = 1
; support_material_xy_spacing = 50%
; support_tree_angle = 40
; support_tree_angle_slow = 25
; support_tree_branch_diameter = 2
; support_tree_branch_diameter_angle = 5
; support_tree_branch_diameter_double_wall = 3
; support_tree_branch_distance = 1
; support_tree_tip_diameter = 0.8
; support_tree_top_rate = 15%
; temperature = 240,240,240,240,240
; template_custom_gcode = 
; thick_bridges = 1
; thin_walls = 1
; thumbnails = 
; thumbnails_format = PNG
; toolchange_gcode = T[previous_extruder]\nM721 I1\nG4 S1\nM171 I1\nG4 S1\nT[next_extruder]\nM722 I1\nG4 S1\nM722 I1\nG4 S1\n
; top_fill_pattern = monotonic
; top_infill_extrusion_width = 0.385
; top_one_perimeter_type = none
; top_solid_infill_acceleration = 0
; top_solid_infill_speed = 25
; top_solid_layers = 8
; top_solid_min_thickness = 0
; travel_acceleration = 0
; travel_lift_before_obstacle = 0,0,0,0,0
; travel_max_lift = 0,0,0,0,0
; travel_ramping_lift = 0,0,0,0,0
; travel_slope = 0,0,0,0,0
; travel_speed = 25
; travel_speed_z = 0
; use_firmware_retraction = 0
; use_relative_e_distances = 0
; use_volumetric_e = 1
; variable_layer_height = 1
; wall_distribution_count = 1
; wall_transition_angle = 10
; wall_transition_filter_deviation = 25%
; wall_transition_length = 100%
; wipe = 0,0,0,0,0
; wipe_into_infill = 0
; wipe_into_objects = 0
; wipe_tower = 0
; wipe_tower_acceleration = 0
; wipe_tower_bridging = 10
; wipe_tower_brim_width = 2
; wipe_tower_cone_angle = 0
; wipe_tower_extra_flow = 100%
; wipe_tower_extra_spacing = 100%
; wipe_tower_extruder = 0
; wipe_tower_no_sparse_layers = 0
; wipe_tower_width = 60
; wiping_volumes_matrix = 0,140,140,140,140,140,0,140,140,140,140,140,0,140,140,140,140,140,0,140,140,140,140,140,0
; wiping_volumes_use_custom_matrix = 0
; xy_size_compensation = 0
; z_offset = 0
; prusaslicer_config = end
